flow_id,src_ip,dst_ip,src_port,dst_port,start_time,end_time,protocol_name,duration,total_packets,total_bytes,packet_rate,byte_rate,pkt_len_mean,pkt_len_max,pkt_len_std,iat_mean,iat_std,syn_count,ack_count,rst_count,protocol
2409:40c4:2024:5958:51ff:38d8:7ac5:9d74:59075->2001:4860:4840:400:::443_TCP,2409:40c4:2024:5958:51ff:38d8:7ac5:9d74,2001:4860:4840:400::,59075,443,1788059749.544195,1788059885.589056,TCP,136.044861,25,3624,0.1838,26.6383,144.96,660,193.626,5.668536,7.299522,0,25,0,6
2001:4860:4840:400:::443->2409:40c4:2024:5958:51ff:38d8:7ac5:9d74:59075_TCP,2001:4860:4840:400::,2409:40c4:2024:5958:51ff:38d8:7ac5:9d74,443,59075,1788059749.610583,1788059885.643335,TCP,136.032752,39,34610,0.2867,254.424,887.4359,1294,557.7348,3.579809,6.398625,0,39,0,6
2606:4700:90:0:f22e:fbec:5bed:a9b9:443->2409:40c4:2024:5958:51ff:38d8:7ac5:9d74:58270_TCP,2606:4700:90:0:f22e:fbec:5bed:a9b9,2409:40c4:2024:5958:51ff:38d8:7ac5:9d74,443,58270,1788059750.153669,1788059894.632813,TCP,144.479144,49,6566,0.3391,45.446,134.0,134,0.0,3.009982,0.072872,0,49,0,6
2409:40c4:2024:5958:51ff:38d8:7ac5:9d74:58270->2606:4700:90:0:f22e:fbec:5bed:a9b9:443_TCP,2409:40c4:2024:5958:51ff:38d8:7ac5:9d74,2606:4700:90:0:f22e:fbec:5bed:a9b9,58270,443,1788059750.199309,1788059894.680569,TCP,144.48126,49,3626,0.3391,25.0967,74.0,74,0.0,3.010026,0.073452,0,49,0,6
2409:40c4:2024:5958:51ff:38d8:7ac5:9d74:51982->64:ff9b::2236:546e:443_TCP,2409:40c4:2024:5958:51ff:38d8:7ac5:9d74,64:ff9b::2236:546e,51982,443,1788059756.075410,1788059876.381487,TCP,120.306077,8,846,0.0665,7.0321,105.75,119,19.1815,17.186582,15.78349,0,8,0,6
64:ff9b::2236:546e:443->2409:40c4:2024:5958:51ff:38d8:7ac5:9d74:51982_TCP,64:ff9b::2236:546e,2409:40c4:2024:5958:51ff:38d8:7ac5:9d74,443,51982,1788059756.132672,1788059876.427200,TCP,120.294527,11,1069,0.0914,8.8865,97.1818,151,34.8764,12.029453,15.329588,0,11,0,6
2409:40c4:2024:5958:51ff:38d8:7ac5:9d74:56976->2001:4860:4840:400:::443_TCP,2409:40c4:2024:5958:51ff:38d8:7ac5:9d74,2001:4860:4840:400::,56976,443,1788059756.567543,1788059821.250468,TCP,64.682925,17,3627,0.2628,56.0735,213.3529,660,255.1588,4.042683,6.490413,0,17,0,6
2001:4860:4840:400:::443->2409:40c4:2024:5958:51ff:38d8:7ac5:9d74:56976_TCP,2001:4860:4840:400::,2409:40c4:2024:5958:51ff:38d8:7ac5:9d74,443,56976,1788059756.633571,1788059821.250426,TCP,64.616854,27,18639,0.4178,288.4542,690.3333,1294,582.1749,2.485264,5.418074,0,27,0,6
2409:40c4:2024:5958:f568:eac1:7f8f:4a02:0->2409:40c4:2024:5958:51ff:38d8:7ac5:9d74:0_IPv6-ICMP,2409:40c4:2024:5958:f568:eac1:7f8f:4a02,2409:40c4:2024:5958:51ff:38d8:7ac5:9d74,0,0,1788059758.180191,1788059880.845680,IPv6-ICMP,122.665488,14,1148,0.1141,9.3588,82.0,86,4.151,9.435807,5.297392,0,0,0,1
2409:40c4:2024:5958:51ff:38d8:7ac5:9d74:0->2409:40c4:2024:5958:f568:eac1:7f8f:4a02:0_IPv6-ICMP,2409:40c4:2024:5958:51ff:38d8:7ac5:9d74,2409:40c4:2024:5958:f568:eac1:7f8f:4a02,0,0,1788059758.180234,1788059880.845411,IPv6-ICMP,122.665176,14,1204,0.1141,9.8153,86.0,86,0.0,9.435783,5.297828,0,0,0,1
2001:4860:4842:400:::443->2409:40c4:2024:5958:51ff:38d8:7ac5:9d74:56972_TCP,2001:4860:4842:400::,2409:40c4:2024:5958:51ff:38d8:7ac5:9d74,443,56972,1788059758.953606,1788059759.011235,TCP,0.057629,2,148,34.7047,2568.1466,74.0,74,0.0,0.057629,0.0,0,1,1,6
2409:40c4:2024:5958:51ff:38d8:7ac5:9d74:56972->2001:4860:4842:400:::443_TCP,2409:40c4:2024:5958:51ff:38d8:7ac5:9d74,2001:4860:4842:400::,56972,443,1788059758.953659,1788059758.953889,TCP,0.00023,3,246,13039.287,1069221.5378,82.0,98,13.8564,0.000115,1.4e-05,0,3,0,6
2409:40c4:2024:5958:51ff:38d8:7ac5:9d74:61720->2404:6800:4013:813::5f:443_UDP,2409:40c4:2024:5958:51ff:38d8:7ac5:9d74,2404:6800:4013:813::5f,61720,443,1788059760.072754,1788059883.348145,UDP,123.275391,16,1481,0.1298,12.0138,92.5625,95,1.6721,8.218359,5.98889,0,0,0,17
2404:6800:4013:813::5f:443->2409:40c4:2024:5958:51ff:38d8:7ac5:9d74:61720_UDP,2404:6800:4013:813::5f,2409:40c4:2024:5958:51ff:38d8:7ac5:9d74,443,61720,1788059760.178912,1788059883.347967,UDP,123.169054,17,3720,0.138,30.2024,218.8235,337,129.2039,7.698066,6.226182,0,0,0,17
2409:40c4:2024:5958:51ff:38d8:7ac5:9d74:51777->2606:4700:7::1fd:80_TCP,2409:40c4:2024:5958:51ff:38d8:7ac5:9d74,2606:4700:7::1fd,51777,80,1788059760.599369,1788059760.770030,TCP,0.170661,2,148,11.7192,867.2176,74.0,74,0.0,0.170661,0.0,0,2,0,6
2606:4700:7::1fd:80->2409:40c4:2024:5958:51ff:38d8:7ac5:9d74:51777_TCP,2606:4700:7::1fd,2409:40c4:2024:5958:51ff:38d8:7ac5:9d74,80,51777,1788059760.769992,1788059760.769992,TCP,0.0,1,74,0.0,0.0,74.0,74,0.0,0.0,0.0,0,1,0,6
2001:4860:4846:400:::443->2409:40c4:2024:5958:51ff:38d8:7ac5:9d74:60423_TCP,2001:4860:4846:400::,2409:40c4:2024:5958:51ff:38d8:7ac5:9d74,443,60423,1788059761.509424,1788059761.563292,TCP,0.053867,3,222,55.6924,4121.2356,74.0,74,0.0,0.026934,0.038071,0,1,2,6
2409:40c4:2024:5958:51ff:38d8:7ac5:9d74:60423->2001:4860:4846:400:::443_TCP,2409:40c4:2024:5958:51ff:38d8:7ac5:9d74,2001:4860:4846:400::,60423,443,1788059761.509502,1788059761.509659,TCP,0.000156,3,246,19181.2683,1572864.0,82.0,98,13.8564,7.8e-05,5e-05,0,3,0,6
2409:40c4:2024:5958:51ff:38d8:7ac5:9d74:54488->2404:6800:4013:813::5f:443_UDP,2409:40c4:2024:5958:51ff:38d8:7ac5:9d74,2404:6800:4013:813::5f,54488,443,1788059761.958185,1788059849.232947,UDP,87.274762,10,930,0.1146,10.656,93.0,95,2.1082,9.697196,5.029128,0,0,0,17
2404:6800:4013:813::5f:443->2409:40c4:2024:5958:51ff:38d8:7ac5:9d74:54488_UDP,2404:6800:4013:813::5f,2409:40c4:2024:5958:51ff:38d8:7ac5:9d74,443,54488,1788059762.043191,1788059849.211151,UDP,87.167959,11,2221,0.1262,25.4795,201.9091,339,131.2558,8.716796,5.727348,0,0,0,17
2409:40c4:2024:5958:51ff:38d8:7ac5:9d74:57405->64:ff9b::2236:546e:443_TCP,2409:40c4:2024:5958:51ff:38d8:7ac5:9d74,64:ff9b::2236:546e,57405,443,1788059763.423303,1788059883.761840,TCP,120.338537,8,846,0.0665,7.0302,105.75,119,19.1815,17.19122,15.674823,0,8,0,6
64:ff9b::2236:546e:443->2409:40c4:2024:5958:51ff:38d8:7ac5:9d74:57405_TCP,64:ff9b::2236:546e,2409:40c4:2024:5958:51ff:38d8:7ac5:9d74,443,57405,1788059763.484836,1788059883.824736,TCP,120.3399,11,1069,0.0914,8.8832,97.1818,151,34.8764,12.03399,15.254887,0,11,0,6
fe80::4271:f819:8915:590a:64349->fe80::f8d3:f0ff:febe:3364:53_UDP,fe80::4271:f819:8915:590a,fe80::f8d3:f0ff:febe:3364,64349,53,1788059768.374930,1788059768.374930,UDP,0.0,1,115,0.0,0.0,115.0,115,0.0,0.0,0.0,0,0,0,17
fe80::4271:f819:8915:590a:54104->fe80::f8d3:f0ff:febe:3364:53_UDP,fe80::4271:f819:8915:590a,fe80::f8d3:f0ff:febe:3364,54104,53,1788059768.375117,1788059768.375117,UDP,0.0,1,115,0.0,0.0,115.0,115,0.0,0.0,0.0,0,0,0,17
fe80::4271:f819:8915:590a:64258->fe80::f8d3:f0ff:febe:3364:53_UDP,fe80::4271:f819:8915:590a,fe80::f8d3:f0ff:febe:3364,64258,53,1788059768.375271,1788059768.375271,UDP,0.0,1,115,0.0,0.0,115.0,115,0.0,0.0,0.0,0,0,0,17
fe80::f8d3:f0ff:febe:3364:53->fe80::4271:f819:8915:590a:64349_UDP,fe80::f8d3:f0ff:febe:3364,fe80::4271:f819:8915:590a,53,64349,1788059768.378402,1788059768.378402,UDP,0.0,1,339,0.0,0.0,339.0,339,0.0,0.0,0.0,0,0,0,17
fe80::f8d3:f0ff:febe:3364:53->fe80::4271:f819:8915:590a:54104_UDP,fe80::f8d3:f0ff:febe:3364,fe80::4271:f819:8915:590a,53,54104,1788059768.424958,1788059768.424958,UDP,0.0,1,243,0.0,0.0,243.0,243,0.0,0.0,0.0,0,0,0,17
2409:40c4:2024:5958:51ff:38d8:7ac5:9d74:53919->2001:4860:4843:400:::443_UDP,2409:40c4:2024:5958:51ff:38d8:7ac5:9d74,2001:4860:4843:400::,53919,443,1788059768.440806,1788059769.194570,UDP,0.753763,11,6149,14.5934,8157.7319,559.0,1292,583.5373,0.075376,0.195491,0,0,0,17
fe80::f8d3:f0ff:febe:3364:53->fe80::4271:f819:8915:590a:64258_UDP,fe80::f8d3:f0ff:febe:3364,fe80::4271:f819:8915:590a,53,64258,1788059768.448963,1788059768.448963,UDP,0.0,1,172,0.0,0.0,172.0,172,0.0,0.0,0.0,0,0,0,17
2001:4860:4843:400:::443->2409:40c4:2024:5958:51ff:38d8:7ac5:9d74:53919_UDP,2001:4860:4843:400::,2409:40c4:2024:5958:51ff:38d8:7ac5:9d74,443,53919,1788059768.507799,1788059769.273024,UDP,0.765225,15,8441,19.6021,11030.7435,562.7333,1292,567.2576,0.054659,0.165782,0,0,0,17
fe80::4271:f819:8915:590a:50562->fe80::f8d3:f0ff:febe:3364:53_UDP,fe80::4271:f819:8915:590a,fe80::f8d3:f0ff:febe:3364,50562,53,1788059772.477902,1788059797.102768,UDP,24.624866,9,909,0.3655,36.9139,101.0,112,6.6332,3.078108,4.293969,0,0,0,17
fe80::4271:f819:8915:590a:56978->fe80::f8d3:f0ff:febe:3364:53_UDP,fe80::4271:f819:8915:590a,fe80::f8d3:f0ff:febe:3364,56978,53,1788059772.478038,1788059772.478038,UDP,0.0,1,112,0.0,0.0,112.0,112,0.0,0.0,0.0,0,0,0,17
fe80::f8d3:f0ff:febe:3364:53->fe80::4271:f819:8915:590a:50562_UDP,fe80::f8d3:f0ff:febe:3364,fe80::4271:f819:8915:590a,53,50562,1788059772.541711,1788059797.193438,UDP,24.651727,9,2113,0.3651,85.7141,234.7778,333,40.8894,3.081466,4.275356,0,0,0,17
172.20.10.6:56978->172.20.10.1:53_UDP,172.20.10.6,172.20.10.1,56978,53,1788059772.544508,1788059772.544508,UDP,0.0,1,92,0.0,0.0,92.0,92,0.0,0.0,0.0,0,0,0,17
fe80::f8d3:f0ff:febe:3364:53->fe80::4271:f819:8915:590a:56978_UDP,fe80::f8d3:f0ff:febe:3364,fe80::4271:f819:8915:590a,53,56978,1788059772.564675,1788059772.564675,UDP,0.0,1,251,0.0,0.0,251.0,251,0.0,0.0,0.0,0,0,0,17
172.20.10.1:53->172.20.10.6:56978_UDP,172.20.10.1,172.20.10.6,53,56978,1788059772.564889,1788059772.564889,UDP,0.0,1,231,0.0,0.0,231.0,231,0.0,0.0,0.0,0,0,0,17
2409:40c4:2024:5958:51ff:38d8:7ac5:9d74:64763->64:ff9b::284f:967b:443_TCP,2409:40c4:2024:5958:51ff:38d8:7ac5:9d74,64:ff9b::284f:967b,64763,443,1788059772.565365,1788059882.675072,TCP,110.109706,15,2784,0.1362,25.2839,185.6,1097,290.1644,7.864979,29.143714,1,14,0,6
64:ff9b::284f:967b:443->2409:40c4:2024:5958:51ff:38d8:7ac5:9d74:64763_TCP,64:ff9b::284f:967b,2409:40c4:2024:5958:51ff:38d8:7ac5:9d74,443,64763,1788059772.873434,1788059882.674955,TCP,109.801521,13,10568,0.1184,96.2464,812.9231,1294,561.6092,9.150127,31.545416,1,13,0,6
fe80::f8d3:f0ff:febe:3364:0->fe80::4271:f819:8915:590a:0_IPv6-ICMP,fe80::f8d3:f0ff:febe:3364,fe80::4271:f819:8915:590a,0,0,1788059773.343571,1788059874.009757,IPv6-ICMP,100.666187,5,430,0.0497,4.2715,86.0,86,0.0,25.166547,3.890236,0,0,0,1
fe80::4271:f819:8915:590a:0->fe80::f8d3:f0ff:febe:3364:0_IPv6-ICMP,fe80::4271:f819:8915:590a,fe80::f8d3:f0ff:febe:3364,0,0,1788059773.343611,1788059874.009830,IPv6-ICMP,100.666219,5,430,0.0497,4.2715,86.0,86,0.0,25.166555,3.890228,0,0,0,1
fe80::f8d3:f0ff:febe:3364:0->ff02::1:0_IPv6-ICMP,fe80::f8d3:f0ff:febe:3364,ff02::1,0,0,1788059774.601750,1788059874.604900,IPv6-ICMP,100.00315,2,316,0.02,3.1599,158.0,158,0.0,100.00315,0.0,0,0,0,1
fe80::4271:f819:8915:590a:59966->fe80::f8d3:f0ff:febe:3364:53_TCP,fe80::4271:f819:8915:590a,fe80::f8d3:f0ff:febe:3364,59966,53,1788059776.187409,1788059776.238791,TCP,0.051382,6,493,116.7728,9594.8322,82.1667,109,13.9487,0.010276,0.022445,1,5,0,6
fe80::4271:f819:8915:590a:49670->fe80::f8d3:f0ff:febe:3364:53_TCP,fe80::4271:f819:8915:590a,fe80::f8d3:f0ff:febe:3364,49670,53,1788059776.187575,1788059826.010551,TCP,49.822976,12,984,0.2409,19.7499,82.0,109,12.9404,4.529361,14.987326,2,10,0,6
fe80::4271:f819:8915:590a:55683->fe80::f8d3:f0ff:febe:3364:53_TCP,fe80::4271:f819:8915:590a,fe80::f8d3:f0ff:febe:3364,55683,53,1788059776.187713,1788059776.249426,TCP,0.061713,6,493,97.225,7988.6566,82.1667,109,13.9487,0.012343,0.026828,1,5,0,6
fe80::f8d3:f0ff:febe:3364:53->fe80::4271:f819:8915:590a:59966_TCP,fe80::f8d3:f0ff:febe:3364,fe80::4271:f819:8915:590a,53,59966,1788059776.188115,1788059776.239045,TCP,0.05093,5,469,98.1744,9208.7568,93.8,161,37.9236,0.012732,0.024709,1,5,0,6
fe80::f8d3:f0ff:febe:3364:53->fe80::4271:f819:8915:590a:49670_TCP,fe80::f8d3:f0ff:febe:3364,fe80::4271:f819:8915:590a,53,49670,1788059776.188255,1788059826.010813,TCP,49.822558,11,1162,0.2208,23.3228,105.6364,335,78.3381,4.982256,15.71852,2,11,0,6
fe80::f8d3:f0ff:febe:3364:53->fe80::4271:f819:8915:590a:55683_TCP,fe80::f8d3:f0ff:febe:3364,fe80::4271:f819:8915:590a,53,55683,1788059776.188779,1788059776.249662,TCP,0.060883,5,547,82.1243,8984.4037,109.4,239,72.6347,0.015221,0.029811,1,5,0,6
2409:40c4:2024:5958:51ff:38d8:7ac5:9d74:54876->2001:4860:4826:200:::443_UDP,2409:40c4:2024:5958:51ff:38d8:7ac5:9d74,2001:4860:4826:200::,54876,443,1788059776.250086,1788059776.602770,UDP,0.352684,17,10285,48.2017,29162.0416,605.0,1292,593.6943,0.022043,0.048694,0,0,0,17
2001:4860:4826:200:::443->2409:40c4:2024:5958:51ff:38d8:7ac5:9d74:54876_UDP,2001:4860:4826:200::,2409:40c4:2024:5958:51ff:38d8:7ac5:9d74,443,54876,1788059776.315425,1788059776.672655,UDP,0.35723,20,8480,55.9863,23738.2113,424.0,1292,502.0572,0.018802,0.049154,0,0,0,17
fe80::4271:f819:8915:590a:64571->fe80::f8d3:f0ff:febe:3364:53_TCP,fe80::4271:f819:8915:590a,fe80::f8d3:f0ff:febe:3364,64571,53,1788059785.282462,1788059785.335327,TCP,0.052865,6,493,113.4961,9325.5937,82.1667,109,13.9487,0.010573,0.022941,1,5,0,6
fe80::4271:f819:8915:590a:65281->fe80::f8d3:f0ff:febe:3364:53_TCP,fe80::4271:f819:8915:590a,fe80::f8d3:f0ff:febe:3364,65281,53,1788059785.282819,1788059785.355211,TCP,0.072393,6,493,82.8813,6810.0787,82.1667,109,13.9487,0.014479,0.031887,1,5,0,6
fe80::4271:f819:8915:590a:62549->fe80::f8d3:f0ff:febe:3364:53_TCP,fe80::4271:f819:8915:590a,fe80::f8d3:f0ff:febe:3364,62549,53,1788059785.283000,1788059785.360706,TCP,0.077706,6,493,77.2143,6344.4378,82.1667,109,13.9487,0.015541,0.034298,1,5,0,6
fe80::f8d3:f0ff:febe:3364:53->fe80::4271:f819:8915:590a:64571_TCP,fe80::f8d3:f0ff:febe:3364,fe80::4271:f819:8915:590a,53,64571,1788059785.283252,1788059785.335547,TCP,0.052295,5,464,95.6106,8872.6654,92.8,156,35.7099,0.013074,0.025233,1,5,0,6
fe80::f8d3:f0ff:febe:3364:53->fe80::4271:f819:8915:590a:65281_TCP,fe80::f8d3:f0ff:febe:3364,fe80::4271:f819:8915:590a,53,65281,1788059785.283365,1788059785.355451,TCP,0.072086,5,447,69.3617,6200.9389,89.4,139,28.2099,0.018021,0.035262,1,5,0,6
fe80::f8d3:f0ff:febe:3364:53->fe80::4271:f819:8915:590a:62549_TCP,fe80::f8d3:f0ff:febe:3364,fe80::4271:f819:8915:590a,53,62549,1788059785.283453,1788059785.360949,TCP,0.077496,6,541,77.4235,6981.0223,90.1667,159,34.0612,0.015499,0.033957,1,6,0,6
2409:40c4:2024:5958:51ff:38d8:7ac5:9d74:65357->2606:4700:9aea:658:b8a7:a7b:5dc1:8f36:443_UDP,2409:40c4:2024:5958:51ff:38d8:7ac5:9d74,2606:4700:9aea:658:b8a7:a7b:5dc1:8f36,65357,443,1788059785.361455,1788059786.027064,UDP,0.665609,32,7493,48.0763,11257.3618,234.1562,1292,355.9233,0.021471,0.062789,0,0,0,17
2606:4700:9aea:658:b8a7:a7b:5dc1:8f36:443->2409:40c4:2024:5958:51ff:38d8:7ac5:9d74:65357_UDP,2606:4700:9aea:658:b8a7:a7b:5dc1:8f36,2409:40c4:2024:5958:51ff:38d8:7ac5:9d74,443,65357,1788059785.665426,1788059786.020566,UDP,0.355139,49,53606,137.974,150943.5051,1094.0,1262,412.7456,0.007399,0.02865,0,0,0,17
fe80::4271:f819:8915:590a:59586->fe80::f8d3:f0ff:febe:3364:53_UDP,fe80::4271:f819:8915:590a,fe80::f8d3:f0ff:febe:3364,59586,53,1788059785.878861,1788059841.649383,UDP,55.770522,17,1704,0.3048,30.5538,100.2353,113,5.3681,3.485658,4.680216,0,0,0,17
fe80::f8d3:f0ff:febe:3364:53->fe80::4271:f819:8915:590a:59586_UDP,fe80::f8d3:f0ff:febe:3364,fe80::4271:f819:8915:590a,53,59586,1788059785.914893,1788059841.718983,UDP,55.80409,17,3233,0.3046,57.9348,190.1765,337,80.3821,3.487756,4.683339,0,0,0,17
fe80::4271:f819:8915:590a:51299->fe80::f8d3:f0ff:febe:3364:53_TCP,fe80::4271:f819:8915:590a,fe80::f8d3:f0ff:febe:3364,51299,53,1788059785.927866,1788059785.966101,TCP,0.038235,6,491,156.9255,12841.7344,81.8333,107,13.1821,0.007647,0.015846,1,5,0,6
fe80::4271:f819:8915:590a:62936->fe80::f8d3:f0ff:febe:3364:53_TCP,fe80::4271:f819:8915:590a,fe80::f8d3:f0ff:febe:3364,62936,53,1788059785.928162,1788059785.966214,TCP,0.038052,6,491,157.6796,12903.4484,81.8333,107,13.1821,0.00761,0.015791,1,5,0,6
fe80::4271:f819:8915:590a:52751->fe80::f8d3:f0ff:febe:3364:53_TCP,fe80::4271:f819:8915:590a,fe80::f8d3:f0ff:febe:3364,52751,53,1788059785.928335,1788059785.950369,TCP,0.022034,6,491,272.3044,22283.5732,81.8333,107,13.1821,0.004407,0.008816,1,5,0,6
fe80::f8d3:f0ff:febe:3364:53->fe80::4271:f819:8915:590a:51299_TCP,fe80::f8d3:f0ff:febe:3364,fe80::4271:f819:8915:590a,53,51299,1788059785.928359,1788059785.966356,TCP,0.037997,6,632,157.9072,16632.8888,105.3333,250,71.0343,0.007599,0.012021,1,6,0,6
fe80::f8d3:f0ff:febe:3364:53->fe80::4271:f819:8915:590a:62936_TCP,fe80::f8d3:f0ff:febe:3364,fe80::4271:f819:8915:590a,53,62936,1788059785.928521,1788059785.966536,TCP,0.038014,6,623,157.8349,16388.5213,103.8333,241,67.3689,0.007603,0.012121,1,6,0,6
fe80::f8d3:f0ff:febe:3364:53->fe80::4271:f819:8915:590a:52751_TCP,fe80::f8d3:f0ff:febe:3364,fe80::4271:f819:8915:590a,53,52751,1788059785.928668,1788059785.950636,TCP,0.021968,5,525,227.6049,23898.5196,105.0,217,62.8252,0.005492,0.006762,1,5,0,6
2409:40c4:2024:5958:51ff:38d8:7ac5:9d74:56166->2405:200:160b:1731::312c:7343:443_TCP,2409:40c4:2024:5958:51ff:38d8:7ac5:9d74,2405:200:160b:1731::312c:7343,56166,443,1788059785.966723,1788059842.843916,TCP,56.877193,10,2949,0.1758,51.8486,294.9,1314,450.13,6.319688,14.867702,1,9,1,6
2405:200:160b:1731::312c:7343:443->2409:40c4:2024:5958:51ff:38d8:7ac5:9d74:56166_TCP,2405:200:160b:1731::312c:7343,2409:40c4:2024:5958:51ff:38d8:7ac5:9d74,443,56166,1788059785.992092,1788059842.887544,TCP,56.895452,10,1382,0.1758,24.2902,138.2,377,116.6808,6.321717,14.881289,1,10,0,6
2409:40c4:2024:5958:51ff:38d8:7ac5:9d74:56167->2405:200:160b:1731::312c:731b:443_TCP,2409:40c4:2024:5958:51ff:38d8:7ac5:9d74,2405:200:160b:1731::312c:731b,56167,443,1788059786.775246,1788059861.772662,TCP,74.997417,8,1721,0.1067,22.9475,215.125,837,268.4503,10.713917,28.283699,1,7,1,6
fe80::4271:f819:8915:590a:62868->fe80::f8d3:f0ff:febe:3364:53_TCP,fe80::4271:f819:8915:590a,fe80::f8d3:f0ff:febe:3364,62868,53,1788059786.793494,1788059786.796864,TCP,0.00337,6,491,1780.2649,145685.0074,81.8333,107,13.1821,0.000674,0.001032,1,5,0,6
fe80::4271:f819:8915:590a:59655->fe80::f8d3:f0ff:febe:3364:53_TCP,fe80::4271:f819:8915:590a,fe80::f8d3:f0ff:febe:3364,59655,53,1788059786.793705,1788059786.796753,TCP,0.003048,6,491,1968.3867,161079.6452,81.8333,107,13.1821,0.00061,0.001067,1,5,0,6
fe80::4271:f819:8915:590a:52052->fe80::f8d3:f0ff:febe:3364:53_TCP,fe80::4271:f819:8915:590a,fe80::f8d3:f0ff:febe:3364,52052,53,1788059786.793820,1788059786.796928,TCP,0.003108,6,491,1930.3386,157966.04,81.8333,107,13.1821,0.000622,0.000848,1,5,0,6
fe80::f8d3:f0ff:febe:3364:53->fe80::4271:f819:8915:590a:62868_TCP,fe80::f8d3:f0ff:febe:3364,fe80::4271:f819:8915:590a,53,62868,1788059786.793906,1788059786.797312,TCP,0.003407,5,432,1467.6688,126806.5874,86.4,124,21.6518,0.000852,0.000774,1,5,0,6
fe80::f8d3:f0ff:febe:3364:53->fe80::4271:f819:8915:590a:59655_TCP,fe80::f8d3:f0ff:febe:3364,fe80::4271:f819:8915:590a,53,59655,1788059786.794052,1788059786.797100,TCP,0.003048,5,641,1640.5789,210322.2142,128.2,333,114.6045,0.000762,0.000773,1,5,0,6
fe80::f8d3:f0ff:febe:3364:53->fe80::4271:f819:8915:590a:52052_TCP,fe80::f8d3:f0ff:febe:3364,fe80::4271:f819:8915:590a,53,52052,1788059786.794530,1788059786.797369,TCP,0.002839,5,545,1761.2766,191979.145,109.0,237,71.7426,0.00071,0.000698,1,5,0,6
2409:40c4:2024:5958:51ff:38d8:7ac5:9d74:56974->2001:4860:4827:400:::443_UDP,2409:40c4:2024:5958:51ff:38d8:7ac5:9d74,2001:4860:4827:400::,56974,443,1788059786.797539,1788059801.305388,UDP,14.50785,119,30503,8.2025,2102.517,256.3277,1292,380.9604,0.122948,0.816982,0,0,0,17
2405:200:160b:1731::312c:731b:443->2409:40c4:2024:5958:51ff:38d8:7ac5:9d74:56167_TCP,2405:200:160b:1731::312c:731b,2409:40c4:2024:5958:51ff:38d8:7ac5:9d74,443,56167,1788059786.808227,1788059861.776956,TCP,74.968729,8,1427,0.1067,19.0346,178.375,377,135.479,10.709818,28.299645,1,8,0,6
2001:4860:4827:400:::443->2409:40c4:2024:5958:51ff:38d8:7ac5:9d74:56974_UDP,2001:4860:4827:400::,2409:40c4:2024:5958:51ff:38d8:7ac5:9d74,443,56974,1788059786.862602,1788059801.362053,UDP,14.499452,223,223581,15.3799,15419.9622,1002.6054,1292,478.0511,0.065313,0.598786,0,0,0,17
fe80::4271:f819:8915:590a:54460->fe80::f8d3:f0ff:febe:3364:53_TCP,fe80::4271:f819:8915:590a,fe80::f8d3:f0ff:febe:3364,54460,53,1788059787.059728,1788059787.099972,TCP,0.040244,6,487,149.0911,12101.2237,81.1667,103,11.669,0.008049,0.008993,1,5,1,6
fe80::4271:f819:8915:590a:52091->fe80::f8d3:f0ff:febe:3364:53_TCP,fe80::4271:f819:8915:590a,fe80::f8d3:f0ff:febe:3364,52091,53,1788059787.059996,1788059787.071760,TCP,0.011764,6,487,510.0285,41397.3096,81.1667,103,11.669,0.002353,0.003352,1,5,0,6
fe80::4271:f819:8915:590a:62119->fe80::f8d3:f0ff:febe:3364:53_TCP,fe80::4271:f819:8915:590a,fe80::f8d3:f0ff:febe:3364,62119,53,1788059787.060222,1788059787.071488,TCP,0.011266,6,487,532.5537,43225.6068,81.1667,103,11.669,0.002253,0.003285,1,5,0,6
fe80::f8d3:f0ff:febe:3364:53->fe80::4271:f819:8915:590a:54460_TCP,fe80::f8d3:f0ff:febe:3364,fe80::4271:f819:8915:590a,53,54460,1788059787.060340,1788059787.100026,TCP,0.039686,5,470,125.9876,11842.8356,94.0,162,38.3667,0.009922,0.008866,1,5,0,6
fe80::f8d3:f0ff:febe:3364:53->fe80::4271:f819:8915:590a:52091_TCP,fe80::f8d3:f0ff:febe:3364,fe80::4271:f819:8915:590a,53,52091,1788059787.067997,1788059787.071879,TCP,0.003883,6,599,1545.2428,154266.7381,99.8333,217,57.6001,0.000777,0.000662,1,6,0,6
fe80::f8d3:f0ff:febe:3364:53->fe80::4271:f819:8915:590a:62119_TCP,fe80::f8d3:f0ff:febe:3364,fe80::4271:f819:8915:590a,53,62119,1788059787.068017,1788059787.071788,TCP,0.003771,6,663,1591.1624,175823.4416,110.5,281,83.6654,0.000754,0.000619,1,6,0,6
2409:40c4:2024:5958:51ff:38d8:7ac5:9d74:49668->2404:6800:4003:c1a::77:443_UDP,2409:40c4:2024:5958:51ff:38d8:7ac5:9d74,2404:6800:4003:c1a::77,49668,443,1788059787.078823,1788059789.894556,UDP,2.815733,68,11736,24.15,4168.0089,172.5882,1292,257.3471,0.042026,0.262994,0,0,0,17
2404:6800:4003:c1a::77:443->2409:40c4:2024:5958:51ff:38d8:7ac5:9d74:49668_UDP,2404:6800:4003:c1a::77,2409:40c4:2024:5958:51ff:38d8:7ac5:9d74,443,49668,1788059787.163199,1788059789.968546,UDP,2.805348,159,190244,56.6775,67814.7672,1196.5031,1292,311.9684,0.017755,0.178059,0,0,0,17
fe80::4271:f819:8915:590a:50265->fe80::f8d3:f0ff:febe:3364:53_TCP,fe80::4271:f819:8915:590a,fe80::f8d3:f0ff:febe:3364,50265,53,1788059789.220430,1788059789.227253,TCP,0.006823,6,490,879.3397,71812.7454,81.6667,106,12.801,0.001365,0.00251,1,5,0,6
fe80::4271:f819:8915:590a:64911->fe80::f8d3:f0ff:febe:3364:53_TCP,fe80::4271:f819:8915:590a,fe80::f8d3:f0ff:febe:3364,64911,53,1788059789.220625,1788059789.255905,TCP,0.03528,6,490,170.0681,13888.8931,81.6667,106,12.801,0.007056,0.015211,1,5,0,6
fe80::4271:f819:8915:590a:56803->fe80::f8d3:f0ff:febe:3364:53_TCP,fe80::4271:f819:8915:590a,fe80::f8d3:f0ff:febe:3364,56803,53,1788059789.220771,1788059789.227160,TCP,0.00639,6,490,939.0233,76686.9015,81.6667,106,12.801,0.001278,0.002352,1,5,0,6
fe80::f8d3:f0ff:febe:3364:53->fe80::4271:f819:8915:590a:50265_TCP,fe80::f8d3:f0ff:febe:3364,fe80::4271:f819:8915:590a,53,50265,1788059789.220997,1788059789.227521,TCP,0.006524,6,515,919.7363,78944.0304,85.8333,133,23.6001,0.001305,0.001539,1,6,0,6
fe80::f8d3:f0ff:febe:3364:53->fe80::4271:f819:8915:590a:64911_TCP,fe80::f8d3:f0ff:febe:3364,fe80::4271:f819:8915:590a,53,64911,1788059789.221369,1788059789.256160,TCP,0.034791,5,640,143.7144,18395.4398,128.0,332,114.1578,0.008698,0.016059,1,5,0,6
fe80::f8d3:f0ff:febe:3364:53->fe80::4271:f819:8915:590a:56803_TCP,fe80::f8d3:f0ff:febe:3364,fe80::4271:f819:8915:590a,53,56803,1788059789.221429,1788059789.227474,TCP,0.006045,5,544,827.1158,89990.1943,108.8,236,71.2966,0.001511,0.001409,1,5,0,6
2409:40c4:2024:5958:51ff:38d8:7ac5:9d74:50330->2001:4860:4828:7700:::443_UDP,2409:40c4:2024:5958:51ff:38d8:7ac5:9d74,2001:4860:4828:7700::,50330,443,1788059789.256934,1788059797.748260,UDP,8.491327,537,147837,63.241,17410.3538,275.3017,1292,357.5949,0.015842,0.049886,0,0,0,17
2001:4860:4828:7700:::443->2409:40c4:2024:5958:51ff:38d8:7ac5:9d74:50330_UDP,2001:4860:4828:7700::,2409:40c4:2024:5958:51ff:38d8:7ac5:9d74,443,50330,1788059789.325991,1788059797.797442,UDP,8.47145,1832,1891788,216.2558,223313.3556,1032.6354,1292,464.3128,0.004627,0.028094,0,0,0,17
fe80::4271:f819:8915:590a:60233->fe80::f8d3:f0ff:febe:3364:53_TCP,fe80::4271:f819:8915:590a,fe80::f8d3:f0ff:febe:3364,60233,53,1788059789.372177,1788059789.399596,TCP,0.027419,6,489,218.8275,17834.4448,81.5,105,12.4218,0.005484,0.011764,1,5,0,6
fe80::4271:f819:8915:590a:62670->fe80::f8d3:f0ff:febe:3364:53_TCP,fe80::4271:f819:8915:590a,fe80::f8d3:f0ff:febe:3364,62670,53,1788059789.372352,1788059789.403946,TCP,0.031593,6,489,189.9135,15477.9541,81.5,105,12.4218,0.006319,0.013693,1,5,0,6
fe80::4271:f819:8915:590a:57710->fe80::f8d3:f0ff:febe:3364:53_TCP,fe80::4271:f819:8915:590a,fe80::f8d3:f0ff:febe:3364,57710,53,1788059789.372487,1788059789.375791,TCP,0.003304,6,489,1815.847,147991.533,81.5,105,12.4218,0.000661,0.001007,1,5,0,6
fe80::f8d3:f0ff:febe:3364:53->fe80::4271:f819:8915:590a:60233_TCP,fe80::f8d3:f0ff:febe:3364,fe80::4271:f819:8915:590a,53,60233,1788059789.372603,1788059789.399792,TCP,0.027189,6,546,220.6812,20081.9908,91.0,164,36.0832,0.005438,0.011349,1,6,0,6
fe80::f8d3:f0ff:febe:3364:53->fe80::4271:f819:8915:590a:62670_TCP,fe80::f8d3:f0ff:febe:3364,fe80::4271:f819:8915:590a,53,62670,1788059789.372757,1788059789.404146,TCP,0.031389,6,601,191.1498,19146.8361,100.1667,219,58.4138,0.006278,0.013331,1,6,0,6
fe80::f8d3:f0ff:febe:3364:53->fe80::4271:f819:8915:590a:57710_TCP,fe80::f8d3:f0ff:febe:3364,fe80::4271:f819:8915:590a,53,57710,1788059789.372875,1788059789.376001,TCP,0.003126,5,575,1599.5363,183946.6707,115.0,267,85.1293,0.000781,0.000835,1,5,0,6
2409:40c4:2024:5958:51ff:38d8:7ac5:9d74:49826->2404:6800:4003:c03::84:443_UDP,2409:40c4:2024:5958:51ff:38d8:7ac5:9d74,2404:6800:4003:c03::84,49826,443,1788059789.404809,1788059789.669451,UDP,0.264642,40,8178,151.1476,30902.1244,204.45,1292,297.2419,0.006786,0.013044,0,0,0,17
2404:6800:4003:c03::84:443->2409:40c4:2024:5958:51ff:38d8:7ac5:9d74:49826_UDP,2404:6800:4003:c03::84,2409:40c4:2024:5958:51ff:38d8:7ac5:9d74,443,49826,1788059789.500145,1788059789.749860,UDP,0.249715,65,64209,260.2969,257129.2802,987.8308,1292,493.3842,0.003902,0.014747,0,0,0,17
fe80::4271:f819:8915:590a:63761->fe80::f8d3:f0ff:febe:3364:53_TCP,fe80::4271:f819:8915:590a,fe80::f8d3:f0ff:febe:3364,63761,53,1788059789.951610,1788059789.979331,TCP,0.027721,6,502,216.443,18109.0617,83.6667,118,17.4547,0.005544,0.01191,1,5,0,6
fe80::4271:f819:8915:590a:63121->fe80::f8d3:f0ff:febe:3364:53_TCP,fe80::4271:f819:8915:590a,fe80::f8d3:f0ff:febe:3364,63121,53,1788059789.951707,1788059789.984543,TCP,0.032836,6,502,182.7278,15288.2279,83.6667,118,17.4547,0.006567,0.014096,1,5,0,6
fe80::4271:f819:8915:590a:61651->fe80::f8d3:f0ff:febe:3364:53_TCP,fe80::4271:f819:8915:590a,fe80::f8d3:f0ff:febe:3364,61651,53,1788059789.951795,1788059789.984462,TCP,0.032668,6,502,183.668,15366.8905,83.6667,118,17.4547,0.006534,0.014084,1,5,0,6
fe80::f8d3:f0ff:febe:3364:53->fe80::4271:f819:8915:590a:63761_TCP,fe80::f8d3:f0ff:febe:3364,fe80::4271:f819:8915:590a,53,63761,1788059789.952156,1788059789.980072,TCP,0.027917,6,559,214.9235,20023.7073,93.1667,177,41.3493,0.005583,0.011496,1,6,0,6
fe80::f8d3:f0ff:febe:3364:53->fe80::4271:f819:8915:590a:63121_TCP,fe80::f8d3:f0ff:febe:3364,fe80::4271:f819:8915:590a,53,63121,1788059789.952280,1788059789.984768,TCP,0.032488,5,540,153.9036,16621.5887,108.0,232,69.5126,0.008122,0.015421,1,5,0,6
fe80::f8d3:f0ff:febe:3364:53->fe80::4271:f819:8915:590a:61651_TCP,fe80::f8d3:f0ff:febe:3364,fe80::4271:f819:8915:590a,53,61651,1788059789.952413,1788059789.984720,TCP,0.032307,5,524,154.7634,16219.2012,104.8,216,62.3795,0.008077,0.015449,1,5,0,6
2409:40c4:2024:5958:51ff:38d8:7ac5:9d74:51103->2404:6800:4013:802::8b:443_UDP,2409:40c4:2024:5958:51ff:38d8:7ac5:9d74,2404:6800:4013:802::8b,51103,443,1788059789.985162,1788059792.547589,UDP,2.562427,17,4825,6.6343,1882.9804,283.8235,1292,387.0023,0.160152,0.559298,0,0,0,17
2404:6800:4013:802::8b:443->2409:40c4:2024:5958:51ff:38d8:7ac5:9d74:51103_UDP,2404:6800:4013:802::8b,2409:40c4:2024:5958:51ff:38d8:7ac5:9d74,443,51103,1788059790.043503,1788059792.547384,UDP,2.503881,20,11980,7.9876,4784.5734,599.0,1292,531.3567,0.131783,0.524411,0,0,0,17
fe80::4271:f819:8915:590a:54813->fe80::f8d3:f0ff:febe:3364:53_TCP,fe80::4271:f819:8915:590a,fe80::f8d3:f0ff:febe:3364,54813,53,1788059791.091329,1788059791.130342,TCP,0.039012,6,504,153.7971,12918.9587,84.0,120,18.2428,0.007802,0.01638,1,5,0,6
fe80::4271:f819:8915:590a:55409->fe80::f8d3:f0ff:febe:3364:53_TCP,fe80::4271:f819:8915:590a,fe80::f8d3:f0ff:febe:3364,55409,53,1788059791.091504,1788059791.119122,TCP,0.027618,6,504,217.252,18249.171,84.0,120,18.2428,0.005524,0.011402,1,5,0,6
fe80::4271:f819:8915:590a:63084->fe80::f8d3:f0ff:febe:3364:53_TCP,fe80::4271:f819:8915:590a,fe80::f8d3:f0ff:febe:3364,63084,53,1788059791.091627,1788059791.124576,TCP,0.032949,6,504,182.1011,15296.4914,84.0,120,18.2428,0.00659,0.013812,1,5,0,6
fe80::f8d3:f0ff:febe:3364:53->fe80::4271:f819:8915:590a:54813_TCP,fe80::f8d3:f0ff:febe:3364,fe80::4271:f819:8915:590a,53,54813,1788059791.091855,1788059791.130519,TCP,0.038664,5,480,129.3189,12414.6164,96.0,172,42.8019,0.009666,0.017871,1,5,0,6
fe80::f8d3:f0ff:febe:3364:53->fe80::4271:f819:8915:590a:55409_TCP,fe80::f8d3:f0ff:febe:3364,fe80::4271:f819:8915:590a,53,55409,1788059791.091995,1788059791.119346,TCP,0.027351,5,458,182.8077,16745.1881,91.6,150,33.0575,0.006838,0.012316,1,5,0,6
fe80::f8d3:f0ff:febe:3364:53->fe80::4271:f819:8915:590a:63084_TCP,fe80::f8d3:f0ff:febe:3364,fe80::4271:f819:8915:590a,53,63084,1788059791.092120,1788059791.124812,TCP,0.032691,5,446,152.9451,13642.6989,89.2,138,27.7705,0.008173,0.014801,1,5,0,6
2409:40c4:2024:5958:51ff:38d8:7ac5:9d74:50530->2404:6800:4013:807::5f:443_UDP,2409:40c4:2024:5958:51ff:38d8:7ac5:9d74,2404:6800:4013:807::5f,50530,443,1788059791.131647,1788059795.153922,UDP,4.022276,22,16118,5.4695,4007.1843,732.6364,1292,503.4921,0.191537,0.791475,0,0,0,17
2404:6800:4013:807::5f:443->2409:40c4:2024:5958:51ff:38d8:7ac5:9d74:50530_UDP,2404:6800:4013:807::5f,2409:40c4:2024:5958:51ff:38d8:7ac5:9d74,443,50530,1788059791.193223,1788059795.240537,UDP,4.047313,25,8887,6.1769,2195.7775,355.48,1292,434.2716,0.168638,0.736449,0,0,0,17
fe80::4271:f819:8915:590a:65515->fe80::f8d3:f0ff:febe:3364:53_TCP,fe80::4271:f819:8915:590a,fe80::f8d3:f0ff:febe:3364,65515,53,1788059791.920611,1788059791.944412,TCP,0.023801,6,495,252.0893,20797.3683,82.5,111,14.7207,0.00476,0.009864,1,5,0,6
fe80::4271:f819:8915:590a:54016->fe80::f8d3:f0ff:febe:3364:53_TCP,fe80::4271:f819:8915:590a,fe80::f8d3:f0ff:febe:3364,54016,53,1788059791.920803,1788059791.944699,TCP,0.023896,6,495,251.0883,20714.7822,82.5,111,14.7207,0.004779,0.009916,1,5,0,6
fe80::4271:f819:8915:590a:54304->fe80::f8d3:f0ff:febe:3364:53_TCP,fe80::4271:f819:8915:590a,fe80::f8d3:f0ff:febe:3364,54304,53,1788059791.920992,1788059791.942794,TCP,0.021802,6,495,275.2048,22704.3926,82.5,111,14.7207,0.00436,0.009183,1,5,0,6
fe80::f8d3:f0ff:febe:3364:53->fe80::4271:f819:8915:590a:65515_TCP,fe80::f8d3:f0ff:febe:3364,fe80::4271:f819:8915:590a,53,65515,1788059791.921186,1788059791.944789,TCP,0.023602,5,471,211.8421,19955.5253,94.2,163,38.8098,0.005901,0.010524,1,5,0,6
fe80::f8d3:f0ff:febe:3364:53->fe80::4271:f819:8915:590a:54016_TCP,fe80::f8d3:f0ff:febe:3364,fe80::4271:f819:8915:590a,53,54016,1788059791.921373,1788059791.944732,TCP,0.02336,5,449,214.0453,19221.2713,89.8,141,29.0895,0.00584,0.01068,1,5,0,6
fe80::f8d3:f0ff:febe:3364:53->fe80::4271:f819:8915:590a:54304_TCP,fe80::f8d3:f0ff:febe:3364,fe80::4271:f819:8915:590a,53,54304,1788059791.921390,1788059791.943010,TCP,0.02162,5,437,231.267,20212.7331,87.4,129,23.8286,0.005405,0.009767,1,5,0,6
2409:40c4:2024:5958:51ff:38d8:7ac5:9d74:65361->2404:6800:4013:813::54:443_UDP,2409:40c4:2024:5958:51ff:38d8:7ac5:9d74,2404:6800:4013:813::54,65361,443,1788059791.945431,1788059795.688225,UDP,3.742794,21,11001,5.6108,2939.2482,523.8571,1292,562.7083,0.18714,0.753491,0,0,0,17
2404:6800:4013:813::54:443->2409:40c4:2024:5958:51ff:38d8:7ac5:9d74:65361_UDP,2404:6800:4013:813::54,2409:40c4:2024:5958:51ff:38d8:7ac5:9d74,443,65361,1788059792.003783,1788059795.753847,UDP,3.750064,18,8850,4.7999,2359.9599,491.6667,1292,521.5992,0.220592,0.817566,0,0,0,17
fe80::4271:f819:8915:590a:65386->fe80::f8d3:f0ff:febe:3364:53_TCP,fe80::4271:f819:8915:590a,fe80::f8d3:f0ff:febe:3364,65386,53,1788059792.411412,1788059792.467484,TCP,0.056072,6,496,107.0044,8845.695,82.6667,112,15.1085,0.011214,0.018222,1,5,1,6
fe80::4271:f819:8915:590a:52803->fe80::f8d3:f0ff:febe:3364:53_TCP,fe80::4271:f819:8915:590a,fe80::f8d3:f0ff:febe:3364,52803,53,1788059792.411572,1788059792.446509,TCP,0.034937,6,496,171.737,14196.9249,82.6667,112,15.1085,0.006987,0.015072,1,5,0,6
fe80::4271:f819:8915:590a:49676->fe80::f8d3:f0ff:febe:3364:53_TCP,fe80::4271:f819:8915:590a,fe80::f8d3:f0ff:febe:3364,49676,53,1788059792.411752,1788059792.446769,TCP,0.035017,6,496,171.3464,14164.6396,82.6667,112,15.1085,0.007003,0.014749,1,5,0,6
fe80::f8d3:f0ff:febe:3364:53->fe80::4271:f819:8915:590a:65386_TCP,fe80::f8d3:f0ff:febe:3364,fe80::4271:f819:8915:590a,53,65386,1788059792.411973,1788059792.467527,TCP,0.055554,5,500,90.003,9000.3047,100.0,192,51.6914,0.013888,0.019667,1,5,0,6
fe80::f8d3:f0ff:febe:3364:53->fe80::4271:f819:8915:590a:52803_TCP,fe80::f8d3:f0ff:febe:3364,fe80::4271:f819:8915:590a,53,52803,1788059792.412071,1788059792.446720,TCP,0.034649,5,478,144.3028,13795.3438,95.6,170,41.9142,0.008662,0.01651,1,5,0,6
fe80::f8d3:f0ff:febe:3364:53->fe80::4271:f819:8915:590a:49676_TCP,fe80::f8d3:f0ff:febe:3364,fe80::4271:f819:8915:590a,53,49676,1788059792.412498,1788059792.446967,TCP,0.03447,6,540,174.0652,15665.8677,90.0,158,33.6571,0.006894,0.014663,1,6,0,6
2409:40c4:2024:5958:51ff:38d8:7ac5:9d74:58662->2404:6800:4002:817::200e:443_UDP,2409:40c4:2024:5958:51ff:38d8:7ac5:9d74,2404:6800:4002:817::200e,58662,443,1788059792.455371,1788059792.626064,UDP,0.170693,16,8987,93.7354,52650.0303,561.6875,1292,584.8204,0.01138,0.019551,0,0,0,17
2404:6800:4002:817::200e:443->2409:40c4:2024:5958:51ff:38d8:7ac5:9d74:58662_UDP,2404:6800:4002:817::200e,2409:40c4:2024:5958:51ff:38d8:7ac5:9d74,443,58662,1788059792.515827,1788059792.700428,UDP,0.1846,17,8734,92.091,47313.08,513.7647,1292,540.3676,0.011538,0.023907,0,0,0,17
fe80::4271:f819:8915:590a:51055->fe80::f8d3:f0ff:febe:3364:53_TCP,fe80::4271:f819:8915:590a,fe80::f8d3:f0ff:febe:3364,51055,53,1788059793.067773,1788059793.089271,TCP,0.021498,6,491,279.0993,22839.6245,81.8333,107,13.1821,0.0043,0.00915,1,5,0,6
fe80::4271:f819:8915:590a:64996->fe80::f8d3:f0ff:febe:3364:53_TCP,fe80::4271:f819:8915:590a,fe80::f8d3:f0ff:febe:3364,64996,53,1788059793.067935,1788059793.095227,TCP,0.027292,6,491,219.8445,17990.6113,81.8333,107,13.1821,0.005458,0.011837,1,5,0,6
fe80::4271:f819:8915:590a:64290->fe80::f8d3:f0ff:febe:3364:53_TCP,fe80::4271:f819:8915:590a,fe80::f8d3:f0ff:febe:3364,64290,53,1788059793.068057,1788059793.071589,TCP,0.003532,6,491,1698.5572,138998.6004,81.8333,107,13.1821,0.000706,0.001251,1,5,0,6
fe80::f8d3:f0ff:febe:3364:53->fe80::4271:f819:8915:590a:51055_TCP,fe80::f8d3:f0ff:febe:3364,fe80::4271:f819:8915:590a,53,51055,1788059793.068327,1788059793.089548,TCP,0.021221,6,548,282.7398,25823.5711,91.3333,166,36.8926,0.004244,0.008812,1,6,0,6
fe80::f8d3:f0ff:febe:3364:53->fe80::4271:f819:8915:590a:64996_TCP,fe80::f8d3:f0ff:febe:3364,fe80::4271:f819:8915:590a,53,64996,1788059793.068421,1788059793.095469,TCP,0.027048,5,445,184.8574,16452.3106,89.0,137,27.3313,0.006762,0.0128,1,5,0,6
fe80::f8d3:f0ff:febe:3364:53->fe80::4271:f819:8915:590a:64290_TCP,fe80::f8d3:f0ff:febe:3364,fe80::4271:f819:8915:590a,53,64290,1788059793.068578,1788059793.071865,TCP,0.003288,5,433,1520.8877,131708.8717,86.6,125,22.0862,0.000822,0.001033,1,5,0,6
2409:40c4:2024:5958:51ff:38d8:7ac5:9d74:53622->2404:6800:4013:807::5e:443_UDP,2409:40c4:2024:5958:51ff:38d8:7ac5:9d74,2404:6800:4013:807::5e,53622,443,1788059793.095815,1788059793.417862,UDP,0.322047,92,15899,285.6722,49368.4981,172.8152,1292,282.3798,0.003539,0.006645,0,0,0,17
2404:6800:4013:807::5e:443->2409:40c4:2024:5958:51ff:38d8:7ac5:9d74:53622_UDP,2404:6800:4013:807::5e,2409:40c4:2024:5958:51ff:38d8:7ac5:9d74,443,53622,1788059793.150901,1788059793.470656,UDP,0.319754,431,543191,1347.9097,1698775.8867,1260.3039,1292,184.5541,0.000744,0.003642,0,0,0,17
fe80::4271:f819:8915:590a:51136->fe80::f8d3:f0ff:febe:3364:53_TCP,fe80::4271:f819:8915:590a,fe80::f8d3:f0ff:febe:3364,51136,53,1788059795.192352,1788059795.216101,TCP,0.023749,6,490,252.6435,20632.5566,81.6667,106,12.801,0.00475,0.010279,1,5,0,6
fe80::4271:f819:8915:590a:58887->fe80::f8d3:f0ff:febe:3364:53_TCP,fe80::4271:f819:8915:590a,fe80::f8d3:f0ff:febe:3364,58887,53,1788059795.192509,1788059795.216188,TCP,0.023678,6,490,253.3965,20694.0508,81.6667,106,12.801,0.004736,0.010157,1,5,0,6
fe80::4271:f819:8915:590a:51794->fe80::f8d3:f0ff:febe:3364:53_TCP,fe80::4271:f819:8915:590a,fe80::f8d3:f0ff:febe:3364,51794,53,1788059795.192628,1788059795.216319,TCP,0.023691,6,490,253.2614,20683.0131,81.6667,106,12.801,0.004738,0.010216,1,5,0,6
fe80::f8d3:f0ff:febe:3364:53->fe80::4271:f819:8915:590a:51136_TCP,fe80::f8d3:f0ff:febe:3364,fe80::4271:f819:8915:590a,53,51136,1788059795.192784,1788059795.216637,TCP,0.023853,6,561,251.54,23518.9915,93.5,179,42.1604,0.004771,0.009952,1,6,0,6
fe80::f8d3:f0ff:febe:3364:53->fe80::4271:f819:8915:590a:58887_TCP,fe80::f8d3:f0ff:febe:3364,fe80::4271:f819:8915:590a,53,58887,1788059795.193111,1788059795.216690,TCP,0.023578,5,465,212.0584,19721.4355,93.0,157,36.1525,0.005895,0.010901,1,5,0,6
fe80::f8d3:f0ff:febe:3364:53->fe80::4271:f819:8915:590a:51794_TCP,fe80::f8d3:f0ff:febe:3364,fe80::4271:f819:8915:590a,53,51794,1788059795.193163,1788059795.216698,TCP,0.023534,5,453,212.4559,19248.5028,90.6,145,30.8513,0.005884,0.010984,1,5,0,6
2409:40c4:2024:5958:51ff:38d8:7ac5:9d74:53910->2404:6800:4002:817::200e:443_UDP,2409:40c4:2024:5958:51ff:38d8:7ac5:9d74,2404:6800:4002:817::200e,53910,443,1788059795.217154,1788059795.476092,UDP,0.258938,33,13081,127.4436,50517.8701,396.3939,1292,516.1044,0.008092,0.020229,0,0,0,17
2404:6800:4002:817::200e:443->2409:40c4:2024:5958:51ff:38d8:7ac5:9d74:53910_UDP,2404:6800:4002:817::200e,2409:40c4:2024:5958:51ff:38d8:7ac5:9d74,443,53910,1788059795.273132,1788059795.479994,UDP,0.206862,46,40520,222.3702,195879.1785,880.8696,1292,559.2011,0.004597,0.017035,0,0,0,17
fe80::4271:f819:8915:590a:53825->fe80::f8d3:f0ff:febe:3364:53_TCP,fe80::4271:f819:8915:590a,fe80::f8d3:f0ff:febe:3364,53825,53,1788059795.750942,1788059795.867684,TCP,0.116743,6,492,51.3951,4214.3995,82.0,108,13.5647,0.023349,0.050856,1,5,0,6
fe80::4271:f819:8915:590a:60235->fe80::f8d3:f0ff:febe:3364:53_TCP,fe80::4271:f819:8915:590a,fe80::f8d3:f0ff:febe:3364,60235,53,1788059795.751167,1788059795.835176,TCP,0.084008,6,492,71.4216,5856.57,82.0,108,13.5647,0.016802,0.036334,1,5,0,6
fe80::4271:f819:8915:590a:60363->fe80::f8d3:f0ff:febe:3364:53_TCP,fe80::4271:f819:8915:590a,fe80::f8d3:f0ff:febe:3364,60363,53,1788059795.751360,1788059796.243268,TCP,0.491908,6,492,12.1974,1000.1869,82.0,108,13.5647,0.098382,0.218806,1,5,0,6
fe80::f8d3:f0ff:febe:3364:53->fe80::4271:f819:8915:590a:53825_TCP,fe80::f8d3:f0ff:febe:3364,fe80::4271:f819:8915:590a,53,53825,1788059795.751365,1788059795.867920,TCP,0.116555,6,660,51.4777,5662.5523,110.0,278,82.4427,0.023311,0.050609,1,6,0,6
fe80::f8d3:f0ff:febe:3364:53->fe80::4271:f819:8915:590a:60235_TCP,fe80::f8d3:f0ff:febe:3364,fe80::4271:f819:8915:590a,53,60235,1788059795.751506,1788059795.835405,TCP,0.083899,6,576,71.5145,6865.3959,96.0,194,48.2494,0.01678,0.036039,1,6,0,6
fe80::f8d3:f0ff:febe:3364:53->fe80::4271:f819:8915:590a:60363_TCP,fe80::f8d3:f0ff:febe:3364,fe80::4271:f819:8915:590a,53,60363,1788059795.751765,1788059796.243468,TCP,0.491703,6,540,12.2025,1098.2249,90.0,158,33.6571,0.098341,0.218498,1,6,0,6
fe80::4271:f819:8915:590a:62839->fe80::f8d3:f0ff:febe:3364:53_TCP,fe80::4271:f819:8915:590a,fe80::f8d3:f0ff:febe:3364,62839,53,1788059795.852787,1788059795.856225,TCP,0.003438,6,491,1745.2028,142815.7603,81.8333,107,13.1821,0.000688,0.001183,1,5,0,6
fe80::4271:f819:8915:590a:59583->fe80::f8d3:f0ff:febe:3364:53_TCP,fe80::4271:f819:8915:590a,fe80::f8d3:f0ff:febe:3364,59583,53,1788059795.852984,1788059795.856314,TCP,0.00333,6,491,1801.935,147458.3463,81.8333,107,13.1821,0.000666,0.001177,1,5,0,6
fe80::f8d3:f0ff:febe:3364:53->fe80::4271:f819:8915:590a:62839_TCP,fe80::f8d3:f0ff:febe:3364,fe80::4271:f819:8915:590a,53,62839,1788059795.853144,1788059795.856649,TCP,0.003505,5,432,1426.634,123261.1788,86.4,124,21.6518,0.000876,0.000983,1,5,0,6
fe80::4271:f819:8915:590a:54726->fe80::f8d3:f0ff:febe:3364:53_TCP,fe80::4271:f819:8915:590a,fe80::f8d3:f0ff:febe:3364,54726,53,1788059795.853147,1788059795.856707,TCP,0.00356,6,491,1685.5877,137937.2581,81.8333,107,13.1821,0.000712,0.00118,1,5,0,6
fe80::f8d3:f0ff:febe:3364:53->fe80::4271:f819:8915:590a:59583_TCP,fe80::f8d3:f0ff:febe:3364,fe80::4271:f819:8915:590a,53,59583,1788059795.853368,1788059795.856696,TCP,0.003328,5,641,1502.3655,192603.257,128.2,333,114.6045,0.000832,0.001079,1,5,0,6
fe80::f8d3:f0ff:febe:3364:53->fe80::4271:f819:8915:590a:54726_TCP,fe80::f8d3:f0ff:febe:3364,fe80::4271:f819:8915:590a,53,54726,1788059795.853718,1788059795.856926,TCP,0.003208,5,545,1558.4097,169866.6627,109.0,237,71.7426,0.000802,0.001169,1,5,0,6
2409:40c4:2024:5958:51ff:38d8:7ac5:9d74:61307->2001:4860:4827:400:::443_UDP,2409:40c4:2024:5958:51ff:38d8:7ac5:9d74,2001:4860:4827:400::,61307,443,1788059795.857395,1788059796.180162,UDP,0.322767,41,8871,127.0264,27484.1801,216.3659,1292,358.5574,0.008069,0.017473,0,0,0,17
2001:4860:4827:400:::443->2409:40c4:2024:5958:51ff:38d8:7ac5:9d74:61307_UDP,2001:4860:4827:400::,2409:40c4:2024:5958:51ff:38d8:7ac5:9d74,443,61307,1788059795.902577,1788059796.233093,UDP,0.330516,67,77475,202.7136,234406.4685,1156.3433,1292,355.6059,0.005008,0.01544,0,0,0,17
2409:40c4:2024:5958:51ff:38d8:7ac5:9d74:53590->2606:4700:20::ac43:4577:443_UDP,2409:40c4:2024:5958:51ff:38d8:7ac5:9d74,2606:4700:20::ac43:4577,53590,443,1788059796.243901,1788059803.659663,UDP,7.415762,443,123773,59.7376,16690.5298,279.3973,1292,375.3136,0.016778,0.165265,0,0,0,17
2606:4700:20::ac43:4577:443->2409:40c4:2024:5958:51ff:38d8:7ac5:9d74:53590_UDP,2606:4700:20::ac43:4577,2409:40c4:2024:5958:51ff:38d8:7ac5:9d74,443,53590,1788059796.290003,1788059803.648891,UDP,7.358888,2843,3481203,386.3355,473061.0171,1224.4822,1262,178.9102,0.002589,0.066589,0,0,0,17
fe80::4271:f819:8915:590a:58766->fe80::f8d3:f0ff:febe:3364:53_TCP,fe80::4271:f819:8915:590a,fe80::f8d3:f0ff:febe:3364,58766,53,1788059796.556100,1788059853.978265,TCP,57.422165,12,1007,0.209,17.5368,83.9167,126,17.4276,5.220197,17.285822,2,10,0,6
fe80::4271:f819:8915:590a:63178->fe80::f8d3:f0ff:febe:3364:53_TCP,fe80::4271:f819:8915:590a,fe80::f8d3:f0ff:febe:3364,63178,53,1788059796.556260,1788059796.604884,TCP,0.048624,6,497,123.397,10221.382,82.8333,113,15.4973,0.009725,0.021386,1,5,0,6
fe80::4271:f819:8915:590a:65270->fe80::f8d3:f0ff:febe:3364:53_TCP,fe80::4271:f819:8915:590a,fe80::f8d3:f0ff:febe:3364,65270,53,1788059796.556403,1788059796.559419,TCP,0.003016,6,497,1989.7078,164814.1278,82.8333,113,15.4973,0.000603,0.001073,1,5,0,6
fe80::f8d3:f0ff:febe:3364:53->fe80::4271:f819:8915:590a:58766_TCP,fe80::f8d3:f0ff:febe:3364,fe80::4271:f819:8915:590a,53,58766,1788059796.556498,1788059853.978442,TCP,57.421943,11,1078,0.1916,18.7733,98.0,216,48.7032,5.742194,18.129378,2,11,0,6
fe80::f8d3:f0ff:febe:3364:53->fe80::4271:f819:8915:590a:63178_TCP,fe80::f8d3:f0ff:febe:3364,fe80::4271:f819:8915:590a,53,63178,1788059796.556663,1788059796.605104,TCP,0.048441,5,647,103.218,13356.4069,129.4,339,117.2851,0.01211,0.023373,1,5,0,6
fe80::f8d3:f0ff:febe:3364:53->fe80::4271:f819:8915:590a:65270_TCP,fe80::f8d3:f0ff:febe:3364,fe80::4271:f819:8915:590a,53,65270,1788059796.556766,1788059796.559592,TCP,0.002826,5,551,1769.0021,194944.0324,110.2,243,74.4191,0.000707,0.000776,1,5,0,6
2409:40c4:2024:5958:51ff:38d8:7ac5:9d74:51765->2001:4860:4841:400:::443_UDP,2409:40c4:2024:5958:51ff:38d8:7ac5:9d74,2001:4860:4841:400::,51765,443,1788059796.606104,1788059796.956007,UDP,0.349903,16,7888,45.727,22543.3991,493.0,1292,550.8407,0.023327,0.022584,0,0,0,17
2001:4860:4841:400:::443->2409:40c4:2024:5958:51ff:38d8:7ac5:9d74:51765_UDP,2001:4860:4841:400::,2409:40c4:2024:5958:51ff:38d8:7ac5:9d74,443,51765,1788059796.664405,1788059797.024192,UDP,0.359787,17,10536,47.2502,29284.0135,619.7647,1292,558.1046,0.022487,0.029895,0,0,0,17
2409:40c4:2024:5958:51ff:38d8:7ac5:9d74:62238->2001:4860:4841:400:::443_TCP,2409:40c4:2024:5958:51ff:38d8:7ac5:9d74,2001:4860:4841:400::,62238,443,1788059796.720734,1788059842.904072,TCP,46.183338,10,2614,0.2165,56.6005,261.4,1314,405.054,5.131482,14.93918,1,9,0,6
2001:4860:4841:400:::443->2409:40c4:2024:5958:51ff:38d8:7ac5:9d74:62238_TCP,2001:4860:4841:400::,2409:40c4:2024:5958:51ff:38d8:7ac5:9d74,443,62238,1788059796.755481,1788059842.904026,TCP,46.148545,11,7577,0.2384,164.1872,688.8182,1294,594.5514,4.614854,14.210788,1,11,0,6
2409:40c4:2024:5958:51ff:38d8:7ac5:9d74:62245->64:ff9b::287e:1186:443_TCP,2409:40c4:2024:5958:51ff:38d8:7ac5:9d74,64:ff9b::287e:1186,62245,443,1788059796.961397,1788059862.531741,TCP,65.570344,22,9178,0.3355,139.9718,417.1818,1314,520.7171,3.122397,14.167724,1,21,0,6
64:ff9b::287e:1186:443->2409:40c4:2024:5958:51ff:38d8:7ac5:9d74:62245_TCP,64:ff9b::287e:1186,2409:40c4:2024:5958:51ff:38d8:7ac5:9d74,443,62245,1788059797.005735,1788059862.531702,TCP,65.525967,27,24425,0.4121,372.753,904.6296,1294,563.71,2.520229,12.74879,1,27,0,6
172.20.10.6:50562->172.20.10.1:53_UDP,172.20.10.6,172.20.10.1,50562,53,1788059797.171865,1788059797.171865,UDP,0.0,1,85,0.0,0.0,85.0,85,0.0,0.0,0.0,0,0,0,17
172.20.10.1:53->172.20.10.6:50562_UDP,172.20.10.1,172.20.10.6,53,50562,1788059797.174448,1788059797.174448,UDP,0.0,1,312,0.0,0.0,312.0,312,0.0,0.0,0.0,0,0,0,17
2409:40c4:2024:5958:51ff:38d8:7ac5:9d74:62246->64:ff9b::8795:ad45:443_TCP,2409:40c4:2024:5958:51ff:38d8:7ac5:9d74,64:ff9b::8795:ad45,62246,443,1788059797.176023,1788059858.001852,TCP,60.825829,23,5873,0.3781,96.5544,255.3478,1314,386.1301,2.76481,12.794882,1,22,1,6
fe80::4271:f819:8915:590a:60290->fe80::f8d3:f0ff:febe:3364:53_UDP,fe80::4271:f819:8915:590a,fe80::f8d3:f0ff:febe:3364,60290,53,1788059797.183720,1788059857.968875,UDP,60.785155,13,1352,0.2139,22.2423,104.0,114,7.3258,5.06543,5.399924,0,0,0,17
fe80::f8d3:f0ff:febe:3364:53->fe80::4271:f819:8915:590a:60290_UDP,fe80::f8d3:f0ff:febe:3364,fe80::4271:f819:8915:590a,53,60290,1788059797.205022,1788059858.048925,UDP,60.843903,13,2557,0.2137,42.0256,196.6923,317,57.2806,5.070325,5.40752,0,0,0,17
2409:40c4:2024:5958:51ff:38d8:7ac5:9d74:62247->64:ff9b::8795:ad45:443_TCP,2409:40c4:2024:5958:51ff:38d8:7ac5:9d74,64:ff9b::8795:ad45,62247,443,1788059797.205844,1788059858.151622,TCP,60.945778,18,5455,0.2953,89.5058,303.0556,1314,426.4457,3.585046,14.575436,1,17,1,6
64:ff9b::8795:ad45:443->2409:40c4:2024:5958:51ff:38d8:7ac5:9d74:62246_TCP,64:ff9b::8795:ad45,2409:40c4:2024:5958:51ff:38d8:7ac5:9d74,443,62246,1788059797.333607,1788059797.952257,TCP,0.61865,21,14482,33.9449,23409.0464,689.619,1294,595.7453,0.030932,0.063004,1,21,0,6
64:ff9b::8795:ad45:443->2409:40c4:2024:5958:51ff:38d8:7ac5:9d74:62247_TCP,64:ff9b::8795:ad45,2409:40c4:2024:5958:51ff:38d8:7ac5:9d74,443,62247,1788059797.367530,1788059798.003810,TCP,0.63628,19,14335,29.8611,22529.3875,754.4737,1294,589.6993,0.035349,0.072685,1,19,0,6
2409:40c4:2024:5958:51ff:38d8:7ac5:9d74:52659->64:ff9b::8795:ad45:443_TCP,2409:40c4:2024:5958:51ff:38d8:7ac5:9d74,64:ff9b::8795:ad45,52659,443,1788059797.573341,1788059858.365832,TCP,60.792491,17,5453,0.2796,89.6986,320.7647,1314,446.7097,3.799531,14.991047,1,16,1,6
64:ff9b::8795:ad45:443->2409:40c4:2024:5958:51ff:38d8:7ac5:9d74:52659_TCP,64:ff9b::8795:ad45,2409:40c4:2024:5958:51ff:38d8:7ac5:9d74,443,52659,1788059797.739354,1788059798.350461,TCP,0.611107,17,10909,27.8184,17851.2217,641.7059,1294,579.2813,0.038194,0.071961,1,17,0,6
172.20.10.6:53381->192.168.4.11:445_TCP,172.20.10.6,192.168.4.11,53381,445,1788059799.961363,1788059814.979232,TCP,15.017869,5,330,0.3329,21.9738,66.0,66,0.0,3.754467,3.097566,5,0,0,6
172.20.10.6:53380->192.168.4.2:445_TCP,172.20.10.6,192.168.4.2,53380,445,1788059799.961363,1788059814.986240,TCP,15.024878,5,330,0.3328,21.9636,66.0,66,0.0,3.756219,3.096645,5,0,0,6
172.20.10.6:60291->192.168.4.2:443_UDP,172.20.10.6,192.168.4.2,60291,443,1788059801.008482,1788059808.013185,UDP,7.004702,4,5048,0.571,720.6588,1262.0,1262,0.0,2.334901,1.525176,0,0,0,17
172.20.10.6:60292->192.168.4.11:443_UDP,172.20.10.6,192.168.4.11,60292,443,1788059801.008483,1788059808.013185,UDP,7.004702,4,5048,0.571,720.6588,1262.0,1262,0.0,2.334901,1.525195,0,0,0,17
2409:40c4:2024:5958:51ff:38d8:7ac5:9d74:58438->2606:4700:8d7a:658:b8d7:a7c:5dc1:8f36:443_TCP,2409:40c4:2024:5958:51ff:38d8:7ac5:9d74,2606:4700:8d7a:658:b8d7:a7c:5dc1:8f36,58438,443,1788059805.845377,1788059824.771103,TCP,18.925725,7,518,0.3699,27.3702,74.0,74,0.0,3.154288,3.558544,0,7,1,6
2409:40c4:2024:5958:51ff:38d8:7ac5:9d74:58439->2404:6800:4013:813::5e:80_TCP,2409:40c4:2024:5958:51ff:38d8:7ac5:9d74,2404:6800:4013:813::5e,58439,80,1788059806.067560,1788059806.130309,TCP,0.062749,2,148,31.8729,2358.5978,74.0,74,0.0,0.062749,0.0,0,2,0,6
2404:6800:4013:813::5e:80->2409:40c4:2024:5958:51ff:38d8:7ac5:9d74:58439_TCP,2404:6800:4013:813::5e,2409:40c4:2024:5958:51ff:38d8:7ac5:9d74,80,58439,1788059806.130166,1788059806.130166,TCP,0.0,1,74,0.0,0.0,74.0,74,0.0,0.0,0.0,0,1,0,6
172.20.10.6:68->172.20.10.1:67_UDP,172.20.10.6,172.20.10.1,68,67,1788059815.612884,1788059815.612884,UDP,0.0,1,342,0.0,0.0,342.0,342,0.0,0.0,0.0,0,0,0,17
172.20.10.1:67->172.20.10.6:68_UDP,172.20.10.1,172.20.10.6,67,68,1788059815.674364,1788059815.674364,UDP,0.0,1,342,0.0,0.0,342.0,342,0.0,0.0,0.0,0,0,0,17
172.20.10.6:0->224.0.0.22:0_IP_2,172.20.10.6,224.0.0.22,0,0,1788059815.678900,1788059815.840388,IP_2,0.161488,5,270,30.9621,1671.9527,54.0,54,0.0,0.040372,0.067143,0,0,0,0
fe80::4271:f819:8915:590a:0->ff02::16:0_IPv6_0,fe80::4271:f819:8915:590a,ff02::16,0,0,1788059815.678901,1788059815.840440,IPv6_0,0.16154,5,450,30.9522,2785.6954,90.0,90,0.0,0.040385,0.067229,0,0,0,0
fe80::4271:f819:8915:590a:50681->ff02::1:3:5355_UDP,fe80::4271:f819:8915:590a,ff02::1:3,50681,5355,1788059815.700720,1788059816.113832,UDP,0.413112,2,172,4.8413,416.3523,86.0,86,0.0,0.413112,0.0,0,0,0,17
172.20.10.6:50681->224.0.0.252:5355_UDP,172.20.10.6,224.0.0.252,50681,5355,1788059815.700868,1788059816.113983,UDP,0.413115,2,132,4.8413,319.5238,66.0,66,0.0,0.413115,0.0,0,0,0,17
2409:40c4:2024:5958:51ff:38d8:7ac5:9d74:61606->2001:4860:4843:400:::443_TCP,2409:40c4:2024:5958:51ff:38d8:7ac5:9d74,2001:4860:4843:400::,61606,443,1788059815.847566,1788059824.365327,TCP,8.517761,21,3625,2.4654,425.5813,172.619,870,245.9294,0.425888,0.615276,1,20,0,6
2001:4860:4843:400:::443->2409:40c4:2024:5958:51ff:38d8:7ac5:9d74:61606_TCP,2001:4860:4843:400::,2409:40c4:2024:5958:51ff:38d8:7ac5:9d74,443,61606,1788059815.892879,1788059824.365236,TCP,8.472357,31,23896,3.659,2820.4667,770.8387,1294,565.7317,0.282412,0.534493,1,31,0,6
2409:40c4:2024:5958:51ff:38d8:7ac5:9d74:61607->2001:4860:4843:400:::443_TCP,2409:40c4:2024:5958:51ff:38d8:7ac5:9d74,2001:4860:4843:400::,61607,443,1788059816.557277,1788059823.432029,TCP,6.874752,16,3139,2.3274,456.5983,196.1875,761,258.7233,0.458317,0.47302,1,15,0,6
2001:4860:4843:400:::443->2409:40c4:2024:5958:51ff:38d8:7ac5:9d74:61607_TCP,2001:4860:4843:400::,2409:40c4:2024:5958:51ff:38d8:7ac5:9d74,443,61607,1788059816.604309,1788059823.431996,TCP,6.827688,17,4214,2.4899,617.1929,247.8824,1294,326.5976,0.42673,0.486157,1,17,0,6
2409:40c4:2024:5958:51ff:38d8:7ac5:9d74:61608->2001:4860:4842:400:::443_TCP,2409:40c4:2024:5958:51ff:38d8:7ac5:9d74,2001:4860:4842:400::,61608,443,1788059818.150548,1788059893.641131,TCP,75.490583,13,3005,0.1722,39.8063,231.1538,1314,351.4712,6.290882,7.727388,1,12,0,6
2409:40c4:2024:5958:51ff:38d8:7ac5:9d74:61609->2001:4860:4842:400:::443_TCP,2409:40c4:2024:5958:51ff:38d8:7ac5:9d74,2001:4860:4842:400::,61609,443,1788059818.150687,1788059823.472078,TCP,5.321392,14,2264,2.6309,425.4526,161.7143,709,217.5084,0.409338,0.484289,1,13,0,6
2001:4860:4842:400:::443->2409:40c4:2024:5958:51ff:38d8:7ac5:9d74:61608_TCP,2001:4860:4842:400::,2409:40c4:2024:5958:51ff:38d8:7ac5:9d74,443,61608,1788059818.192627,1788059893.714221,TCP,75.521594,15,7747,0.1986,102.5799,516.4667,1294,563.1833,5.3944,7.475775,1,15,0,6
2001:4860:4842:400:::443->2409:40c4:2024:5958:51ff:38d8:7ac5:9d74:61609_TCP,2001:4860:4842:400::,2409:40c4:2024:5958:51ff:38d8:7ac5:9d74,443,61609,1788059818.197111,1788059823.472001,TCP,5.27489,15,6992,2.8437,1325.5253,466.1333,1294,554.941,0.376778,0.493007,1,15,0,6
2409:40c4:2024:5958:51ff:38d8:7ac5:9d74:61610->2404:6800:4013:813::84:443_TCP,2409:40c4:2024:5958:51ff:38d8:7ac5:9d74,2404:6800:4013:813::84,61610,443,1788059818.422761,1788059878.817883,TCP,60.395121,17,3172,0.2815,52.5208,186.5882,1314,300.7981,3.774695,10.261755,1,16,0,6
2404:6800:4013:813::84:443->2409:40c4:2024:5958:51ff:38d8:7ac5:9d74:61610_TCP,2404:6800:4013:813::84,2409:40c4:2024:5958:51ff:38d8:7ac5:9d74,443,61610,1788059818.467807,1788059878.864670,TCP,60.396862,25,16875,0.4139,279.4019,675.0,1294,595.7456,2.516536,8.481295,1,25,0,6
2409:40c4:2024:5958:51ff:38d8:7ac5:9d74:53292->2001:4860:4826:200:::443_UDP,2409:40c4:2024:5958:51ff:38d8:7ac5:9d74,2001:4860:4826:200::,53292,443,1788059819.278465,1788059819.598428,UDP,0.319963,16,9087,50.0057,28400.1184,567.9375,1292,580.9037,0.021331,0.044163,0,0,0,17
2001:4860:4826:200:::443->2409:40c4:2024:5958:51ff:38d8:7ac5:9d74:53292_UDP,2001:4860:4826:200::,2409:40c4:2024:5958:51ff:38d8:7ac5:9d74,443,53292,1788059819.331122,1788059819.668556,UDP,0.337435,16,6942,47.4166,20572.8652,433.875,1292,495.533,0.022496,0.050775,0,0,0,17
2409:40c4:2024:5958:51ff:38d8:7ac5:9d74:61615->2001:4860:4843:400:::443_TCP,2409:40c4:2024:5958:51ff:38d8:7ac5:9d74,2001:4860:4843:400::,61615,443,1788059820.234617,1788059821.253278,TCP,1.01866,16,3431,15.7069,3368.1493,214.4375,1314,332.2884,0.067911,0.222982,1,15,0,6
2409:40c4:2024:5958:51ff:38d8:7ac5:9d74:61614->2001:4860:4843:400:::443_TCP,2409:40c4:2024:5958:51ff:38d8:7ac5:9d74,2001:4860:4843:400::,61614,443,1788059820.234618,1788059892.301637,TCP,72.067019,16,3978,0.222,55.1986,248.625,1314,348.1835,4.804468,6.917117,1,15,0,6
2409:40c4:2024:5958:51ff:38d8:7ac5:9d74:61613->2001:4860:4843:400:::443_TCP,2409:40c4:2024:5958:51ff:38d8:7ac5:9d74,2001:4860:4843:400::,61613,443,1788059820.234618,1788059881.081757,TCP,60.847139,13,3175,0.2137,52.1799,244.2308,1314,364.2385,5.070595,7.374014,1,12,0,6
2001:4860:4843:400:::443->2409:40c4:2024:5958:51ff:38d8:7ac5:9d74:61615_TCP,2001:4860:4843:400::,2409:40c4:2024:5958:51ff:38d8:7ac5:9d74,443,61615,1788059820.283380,1788059821.253257,TCP,0.969876,25,22357,25.7765,23051.3935,894.28,1294,543.8084,0.040412,0.168036,1,25,0,6
2001:4860:4843:400:::443->2409:40c4:2024:5958:51ff:38d8:7ac5:9d74:61614_TCP,2001:4860:4843:400::,2409:40c4:2024:5958:51ff:38d8:7ac5:9d74,443,61614,1788059820.296557,1788059892.364176,TCP,72.067619,23,15003,0.3191,208.1795,652.3043,1294,578.1065,3.275801,6.107433,1,23,0,6
2001:4860:4843:400:::443->2409:40c4:2024:5958:51ff:38d8:7ac5:9d74:61613_TCP,2001:4860:4843:400::,2409:40c4:2024:5958:51ff:38d8:7ac5:9d74,443,61613,1788059820.305326,1788059881.129938,TCP,60.824612,14,7301,0.2302,120.0336,521.5,1294,554.3757,4.678816,7.208057,1,14,0,6
172.20.10.6:61616->192.168.4.2:445_TCP,172.20.10.6,192.168.4.2,61616,445,1788059820.990115,1788059836.020415,TCP,15.0303,5,330,0.3327,21.9556,66.0,66,0.0,3.757575,3.095062,5,0,0,6
172.20.10.6:61617->192.168.4.11:445_TCP,172.20.10.6,192.168.4.11,61617,445,1788059820.990115,1788059836.020415,TCP,15.0303,5,330,0.3327,21.9556,66.0,66,0.0,3.757575,3.09504,5,0,0,6
172.20.10.6:50182->13.107.5.93:443_TCP,172.20.10.6,13.107.5.93,50182,443,1788059821.645298,1788059826.087053,TCP,4.441755,11,2070,2.4765,466.0321,188.1818,657,234.8032,0.444175,1.252762,1,10,0,6
13.107.5.93:443->172.20.10.6:50182_TCP,13.107.5.93,172.20.10.6,443,50182,1788059821.712641,1788059826.086985,TCP,4.374344,18,11364,4.1149,2597.8752,631.3333,1294,573.3661,0.257314,0.985197,1,18,0,6
172.20.10.6:52309->192.168.4.11:443_UDP,172.20.10.6,192.168.4.11,52309,443,1788059822.100962,1788059829.102064,UDP,7.001102,4,5048,0.5713,721.0293,1262.0,1262,0.0,2.333701,1.529767,0,0,0,17
172.20.10.6:52310->192.168.4.2:443_UDP,172.20.10.6,192.168.4.2,52310,443,1788059822.100962,1788059829.102064,UDP,7.001102,4,5048,0.5713,721.0293,1262.0,1262,0.0,2.333701,1.529767,0,0,0,17
2409:40c4:2024:5958:51ff:38d8:7ac5:9d74:61548->2001:4860:4843:400:::443_TCP,2409:40c4:2024:5958:51ff:38d8:7ac5:9d74,2001:4860:4843:400::,61548,443,1788059824.308454,1788059884.314056,TCP,60.005602,16,3986,0.2666,66.4271,249.125,1314,348.9133,4.000373,6.495733,1,15,0,6
2001:4860:4843:400:::443->2409:40c4:2024:5958:51ff:38d8:7ac5:9d74:61548_TCP,2001:4860:4843:400::,2409:40c4:2024:5958:51ff:38d8:7ac5:9d74,443,61548,1788059824.362786,1788059884.314021,TCP,59.951235,23,16189,0.3836,270.0361,703.8696,1294,583.8312,2.725056,5.647355,1,23,0,6
fe80::4271:f819:8915:590a:58643->fe80::f8d3:f0ff:febe:3364:53_TCP,fe80::4271:f819:8915:590a,fe80::f8d3:f0ff:febe:3364,58643,53,1788059825.021813,1788059825.060971,TCP,0.039157,6,491,153.2287,12539.2163,81.8333,107,13.1821,0.007831,0.016923,1,5,0,6
fe80::4271:f819:8915:590a:53430->fe80::f8d3:f0ff:febe:3364:53_TCP,fe80::4271:f819:8915:590a,fe80::f8d3:f0ff:febe:3364,53430,53,1788059825.021953,1788059825.058871,TCP,0.036918,6,491,162.5237,13299.8583,81.8333,107,13.1821,0.007384,0.01595,1,5,0,6
fe80::4271:f819:8915:590a:56235->fe80::f8d3:f0ff:febe:3364:53_TCP,fe80::4271:f819:8915:590a,fe80::f8d3:f0ff:febe:3364,56235,53,1788059825.022049,1788059825.064653,TCP,0.042604,6,491,140.8327,11524.8122,81.8333,107,13.1821,0.008521,0.018483,1,5,0,6
fe80::f8d3:f0ff:febe:3364:53->fe80::4271:f819:8915:590a:58643_TCP,fe80::f8d3:f0ff:febe:3364,fe80::4271:f819:8915:590a,53,58643,1788059825.022573,1788059825.061643,TCP,0.03907,5,467,127.9758,11952.9384,93.4,159,37.0378,0.009767,0.01839,1,5,0,6
fe80::f8d3:f0ff:febe:3364:53->fe80::4271:f819:8915:590a:53430_TCP,fe80::f8d3:f0ff:febe:3364,fe80::4271:f819:8915:590a,53,53430,1788059825.022679,1788059825.059555,TCP,0.036876,5,445,135.5888,12067.4034,89.0,137,27.3313,0.009219,0.017348,1,5,0,6
fe80::f8d3:f0ff:febe:3364:53->fe80::4271:f819:8915:590a:56235_TCP,fe80::f8d3:f0ff:febe:3364,fe80::4271:f819:8915:590a,53,56235,1788059825.022796,1788059825.064894,TCP,0.042098,5,433,118.7704,10285.5132,86.6,125,22.0862,0.010525,0.020283,1,5,0,6
2409:40c4:2024:5958:51ff:38d8:7ac5:9d74:58271->2404:6800:4002:818::200e:443_TCP,2409:40c4:2024:5958:51ff:38d8:7ac5:9d74,2404:6800:4002:818::200e,58271,443,1788059825.064978,1788059842.924217,TCP,17.859239,27,12994,1.5118,727.5786,481.2593,1314,543.2919,0.686894,3.219007,1,26,0,6
2404:6800:4002:818::200e:443->2409:40c4:2024:5958:51ff:38d8:7ac5:9d74:58271_TCP,2404:6800:4002:818::200e,2409:40c4:2024:5958:51ff:38d8:7ac5:9d74,443,58271,1788059825.118324,1788059842.924084,TCP,17.80576,29,14780,1.6287,830.0685,509.6552,1294,548.24,0.63592,3.106651,1,29,0,6
fe80::4271:f819:8915:590a:53351->fe80::f8d3:f0ff:febe:3364:53_TCP,fe80::4271:f819:8915:590a,fe80::f8d3:f0ff:febe:3364,53351,53,1788059825.935745,1788059825.974763,TCP,0.039018,6,496,153.7755,12712.1091,82.6667,112,15.1085,0.007804,0.017158,1,5,0,6
fe80::4271:f819:8915:590a:61135->fe80::f8d3:f0ff:febe:3364:53_TCP,fe80::4271:f819:8915:590a,fe80::f8d3:f0ff:febe:3364,61135,53,1788059825.935939,1788059825.974646,TCP,0.038706,6,496,155.0135,12814.4505,82.6667,112,15.1085,0.007741,0.017028,1,5,0,6
fe80::4271:f819:8915:590a:57502->fe80::f8d3:f0ff:febe:3364:53_TCP,fe80::4271:f819:8915:590a,fe80::f8d3:f0ff:febe:3364,57502,53,1788059825.936031,1788059825.938145,TCP,0.002114,6,496,2838.4642,234646.3776,82.6667,112,15.1085,0.000423,0.000607,1,5,0,6
fe80::f8d3:f0ff:febe:3364:53->fe80::4271:f819:8915:590a:53351_TCP,fe80::f8d3:f0ff:febe:3364,fe80::4271:f819:8915:590a,53,53351,1788059825.936089,1788059825.975103,TCP,0.039014,5,479,128.1588,12277.6121,95.8,171,42.358,0.009754,0.018821,1,5,0,6
fe80::f8d3:f0ff:febe:3364:53->fe80::4271:f819:8915:590a:61135_TCP,fe80::f8d3:f0ff:febe:3364,fe80::4271:f819:8915:590a,53,61135,1788059825.936188,1788059825.974826,TCP,0.038638,5,450,129.4051,11646.459,90.0,142,29.5296,0.00966,0.018715,1,5,0,6
fe80::f8d3:f0ff:febe:3364:53->fe80::4271:f819:8915:590a:57502_TCP,fe80::f8d3:f0ff:febe:3364,fe80::4271:f819:8915:590a,53,57502,1788059825.936642,1788059825.938351,TCP,0.001709,5,438,2925.7143,256292.5714,87.6,130,24.2652,0.000427,0.000455,1,5,0,6
fe80::4271:f819:8915:590a:60502->fe80::f8d3:f0ff:febe:3364:53_TCP,fe80::4271:f819:8915:590a,fe80::f8d3:f0ff:febe:3364,60502,53,1788059825.966911,1788059826.008097,TCP,0.041187,6,491,145.6786,11921.3614,81.8333,107,13.1821,0.008237,0.018014,1,5,0,6
fe80::f8d3:f0ff:febe:3364:53->fe80::4271:f819:8915:590a:60502_TCP,fe80::f8d3:f0ff:febe:3364,fe80::4271:f819:8915:590a,53,60502,1788059825.967261,1788059826.008343,TCP,0.041082,5,474,121.7074,11537.8594,94.8,166,40.1398,0.010271,0.01962,1,5,0,6
fe80::4271:f819:8915:590a:50024->fe80::f8d3:f0ff:febe:3364:53_TCP,fe80::4271:f819:8915:590a,fe80::f8d3:f0ff:febe:3364,50024,53,1788059825.967288,1788059825.970042,TCP,0.002753,6,491,2179.0479,178318.7518,81.8333,107,13.1821,0.000551,0.000839,1,5,0,6
fe80::f8d3:f0ff:febe:3364:53->fe80::4271:f819:8915:590a:50024_TCP,fe80::f8d3:f0ff:febe:3364,fe80::4271:f819:8915:590a,53,50024,1788059825.967902,1788059825.970146,TCP,0.002244,6,507,2674.0861,225960.2729,84.5,125,20.4132,0.000449,0.000571,1,6,0,6
2409:40c4:2024:5958:51ff:38d8:7ac5:9d74:51243->2404:6800:4002:81a::200a:443_UDP,2409:40c4:2024:5958:51ff:38d8:7ac5:9d74,2404:6800:4002:81a::200a,51243,443,1788059825.975443,1788059826.222445,UDP,0.247002,12,5262,48.5826,21303.481,438.5,1292,527.0024,0.022455,0.030227,0,0,0,17
2409:40c4:2024:5958:51ff:38d8:7ac5:9d74:50705->2404:6800:4002:81d::2003:443_UDP,2409:40c4:2024:5958:51ff:38d8:7ac5:9d74,2404:6800:4002:81d::2003,50705,443,1788059826.011344,1788059826.446310,UDP,0.434966,16,5766,36.7845,13256.2131,360.375,1292,476.5046,0.028998,0.056426,0,0,0,17
2404:6800:4002:81a::200a:443->2409:40c4:2024:5958:51ff:38d8:7ac5:9d74:51243_UDP,2404:6800:4002:81a::200a,2409:40c4:2024:5958:51ff:38d8:7ac5:9d74,443,51243,1788059826.035399,1788059826.291937,UDP,0.256538,14,10715,54.5728,41767.7053,765.3571,1292,554.5463,0.019734,0.028839,0,0,0,17
2409:40c4:2024:5958:51ff:38d8:7ac5:9d74:53622->2404:6800:4002:81a::200a:443_TCP,2409:40c4:2024:5958:51ff:38d8:7ac5:9d74,2404:6800:4002:81a::200a,53622,443,1788059826.076257,1788059842.906202,TCP,16.829946,9,2602,0.5348,154.6054,289.1111,1314,430.4394,2.103743,5.846161,1,8,0,6
2404:6800:4002:81d::2003:443->2409:40c4:2024:5958:51ff:38d8:7ac5:9d74:50705_UDP,2404:6800:4002:81d::2003,2409:40c4:2024:5958:51ff:38d8:7ac5:9d74,443,50705,1788059826.077370,1788059826.524014,UDP,0.446644,23,21365,51.4951,47834.5097,928.913,1292,526.7789,0.020302,0.051326,0,0,0,17
2404:6800:4002:81a::200a:443->2409:40c4:2024:5958:51ff:38d8:7ac5:9d74:53622_TCP,2404:6800:4002:81a::200a,2409:40c4:2024:5958:51ff:38d8:7ac5:9d74,443,53622,1788059826.119349,1788059842.906137,TCP,16.786788,9,7414,0.5361,441.6568,823.7778,1294,573.1016,2.098349,5.890436,1,9,0,6
2409:40c4:2024:5958:51ff:38d8:7ac5:9d74:57018->2404:6800:4002:818::200e:443_UDP,2409:40c4:2024:5958:51ff:38d8:7ac5:9d74,2404:6800:4002:818::200e,57018,443,1788059826.234305,1788059826.424562,UDP,0.190257,10,4833,52.5605,25402.5041,483.3,1292,560.5585,0.02114,0.029998,0,0,0,17
2404:6800:4002:818::200e:443->2409:40c4:2024:5958:51ff:38d8:7ac5:9d74:57018_UDP,2404:6800:4002:818::200e,2409:40c4:2024:5958:51ff:38d8:7ac5:9d74,443,57018,1788059826.297321,1788059826.482007,UDP,0.184687,13,10270,70.3895,55607.6977,790.0,1292,542.3421,0.015391,0.024178,0,0,0,17
fe80::4271:f819:8915:590a:63289->fe80::f8d3:f0ff:febe:3364:53_TCP,fe80::4271:f819:8915:590a,fe80::f8d3:f0ff:febe:3364,63289,53,1788059827.577618,1788059827.634594,TCP,0.056976,6,492,105.3074,8635.2027,82.0,108,13.5647,0.011395,0.024886,1,5,0,6
fe80::4271:f819:8915:590a:51394->fe80::f8d3:f0ff:febe:3364:53_TCP,fe80::4271:f819:8915:590a,fe80::f8d3:f0ff:febe:3364,51394,53,1788059827.577842,1788059827.645168,TCP,0.067326,6,492,89.1192,7307.7709,82.0,108,13.5647,0.013465,0.02963,1,5,0,6
fe80::4271:f819:8915:590a:63888->fe80::f8d3:f0ff:febe:3364:53_TCP,fe80::4271:f819:8915:590a,fe80::f8d3:f0ff:febe:3364,63888,53,1788059827.577978,1788059827.645036,TCP,0.067057,6,492,89.4756,7337.001,82.0,108,13.5647,0.013411,0.029194,1,5,0,6
fe80::f8d3:f0ff:febe:3364:53->fe80::4271:f819:8915:590a:63289_TCP,fe80::f8d3:f0ff:febe:3364,fe80::4271:f819:8915:590a,53,63289,1788059827.578443,1788059827.635241,TCP,0.056798,5,500,88.0309,8803.0928,100.0,192,51.6914,0.0142,0.027356,1,5,0,6
fe80::f8d3:f0ff:febe:3364:53->fe80::4271:f819:8915:590a:51394_TCP,fe80::f8d3:f0ff:febe:3364,fe80::4271:f819:8915:590a,53,51394,1788059827.578510,1788059827.645428,TCP,0.066918,5,483,74.7182,7217.7744,96.6,175,44.1339,0.01673,0.032716,1,5,0,6
fe80::f8d3:f0ff:febe:3364:53->fe80::4271:f819:8915:590a:63888_TCP,fe80::f8d3:f0ff:febe:3364,fe80::4271:f819:8915:590a,53,63888,1788059827.579130,1788059827.645396,TCP,0.066266,5,471,75.4534,7107.711,94.2,163,38.8098,0.016567,0.032414,1,5,0,6
2409:40c4:2024:5958:51ff:38d8:7ac5:9d74:62583->2a03:2880:f311:120:face:b00c:0:167:443_UDP,2409:40c4:2024:5958:51ff:38d8:7ac5:9d74,2a03:2880:f311:120:face:b00c:0:167,62583,443,1788059827.645886,1788059833.130664,UDP,5.484778,133,34845,24.2489,6353.0378,261.9925,1292,378.4495,0.041551,0.148755,0,0,0,17
2a03:2880:f311:120:face:b00c:0:167:443->2409:40c4:2024:5958:51ff:38d8:7ac5:9d74:62583_UDP,2a03:2880:f311:120:face:b00c:0:167,2409:40c4:2024:5958:51ff:38d8:7ac5:9d74,443,62583,1788059827.707414,1788059833.192098,UDP,5.484684,221,203002,40.294,37012.5244,918.5611,1294,502.7395,0.02493,0.117964,0,0,0,17
2409:40c4:2024:5958:51ff:38d8:7ac5:9d74:61199->2a03:2880:f311:120:face:b00c:0:167:443_TCP,2409:40c4:2024:5958:51ff:38d8:7ac5:9d74,2a03:2880:f311:120:face:b00c:0:167,61199,443,1788059829.083513,1788059830.150268,TCP,1.066755,12,3514,11.2491,3294.1028,292.8333,1314,406.6568,0.096978,0.18321,1,11,0,6
fe80::4271:f819:8915:590a:61025->fe80::f8d3:f0ff:febe:3364:53_TCP,fe80::4271:f819:8915:590a,fe80::f8d3:f0ff:febe:3364,61025,53,1788059829.083972,1788059829.117451,TCP,0.033479,6,505,179.2144,15083.8789,84.1667,121,18.6378,0.006696,0.010085,1,5,1,6
fe80::4271:f819:8915:590a:64194->fe80::f8d3:f0ff:febe:3364:53_TCP,fe80::4271:f819:8915:590a,fe80::f8d3:f0ff:febe:3364,64194,53,1788059829.084131,1788059829.088856,TCP,0.004725,6,492,1269.975,104137.9475,82.0,108,13.5647,0.000945,0.001705,1,5,0,6
fe80::4271:f819:8915:590a:50028->fe80::f8d3:f0ff:febe:3364:53_TCP,fe80::4271:f819:8915:590a,fe80::f8d3:f0ff:febe:3364,50028,53,1788059829.084290,1788059829.088964,TCP,0.004674,6,492,1283.7741,105269.4775,82.0,108,13.5647,0.000935,0.001476,1,5,0,6
fe80::f8d3:f0ff:febe:3364:53->fe80::4271:f819:8915:590a:61025_TCP,fe80::f8d3:f0ff:febe:3364,fe80::4271:f819:8915:590a,53,61025,1788059829.084513,1788059829.117526,TCP,0.033013,5,488,151.4561,14782.1151,97.6,180,46.3552,0.008253,0.010587,1,5,0,6
fe80::f8d3:f0ff:febe:3364:53->fe80::4271:f819:8915:590a:64194_TCP,fe80::f8d3:f0ff:febe:3364,fe80::4271:f819:8915:590a,53,64194,1788059829.084693,1788059829.089192,TCP,0.004499,5,483,1111.4272,107363.8684,96.6,175,44.1339,0.001125,0.001613,1,5,0,6
fe80::f8d3:f0ff:febe:3364:53->fe80::4271:f819:8915:590a:50028_TCP,fe80::f8d3:f0ff:febe:3364,fe80::4271:f819:8915:590a,53,50028,1788059829.085091,1788059829.089205,TCP,0.004114,6,545,1458.2966,132461.9389,90.8333,163,35.6787,0.000823,0.001315,1,6,0,6
2409:40c4:2024:5958:51ff:38d8:7ac5:9d74:57085->2a03:2880:f311:120:face:b00c:0:167:5222_TCP,2409:40c4:2024:5958:51ff:38d8:7ac5:9d74,2a03:2880:f311:120:face:b00c:0:167,57085,5222,1788059829.094750,1788059888.096822,TCP,59.002072,105,19599,1.7796,332.1748,186.6571,1314,216.4573,0.567328,3.254526,1,104,0,6
2a03:2880:f311:120:face:b00c:0:167:443->2409:40c4:2024:5958:51ff:38d8:7ac5:9d74:61199_TCP,2a03:2880:f311:120:face:b00c:0:167,2409:40c4:2024:5958:51ff:38d8:7ac5:9d74,443,61199,1788059829.137023,1788059830.206984,TCP,1.06996,15,5778,14.0192,5400.2001,385.2,1314,498.5935,0.076426,0.168382,1,15,0,6
2a03:2880:f311:120:face:b00c:0:167:5222->2409:40c4:2024:5958:51ff:38d8:7ac5:9d74:57085_TCP,2a03:2880:f311:120:face:b00c:0:167,2409:40c4:2024:5958:51ff:38d8:7ac5:9d74,5222,57085,1788059829.147020,1788059888.096726,TCP,58.949706,69,16550,1.1705,280.7478,239.8551,1314,346.9236,0.866907,4.020949,1,69,0,6
fe80::4271:f819:8915:590a:58297->fe80::f8d3:f0ff:febe:3364:53_TCP,fe80::4271:f819:8915:590a,fe80::f8d3:f0ff:febe:3364,58297,53,1788059831.891786,1788059831.896801,TCP,0.005015,6,494,1196.4355,98506.5216,82.3333,110,14.3341,0.001003,0.001863,1,5,0,6
fe80::4271:f819:8915:590a:53333->fe80::f8d3:f0ff:febe:3364:53_TCP,fe80::4271:f819:8915:590a,fe80::f8d3:f0ff:febe:3364,53333,53,1788059831.891936,1788059831.896885,TCP,0.004949,6,494,1212.3434,99816.2721,82.3333,110,14.3341,0.00099,0.001827,1,5,0,6
fe80::4271:f819:8915:590a:61114->fe80::f8d3:f0ff:febe:3364:53_TCP,fe80::4271:f819:8915:590a,fe80::f8d3:f0ff:febe:3364,61114,53,1788059831.892048,1788059831.896975,TCP,0.004927,6,494,1217.7404,100260.6298,82.3333,110,14.3341,0.000985,0.001651,1,5,0,6
fe80::f8d3:f0ff:febe:3364:53->fe80::4271:f819:8915:590a:58297_TCP,fe80::f8d3:f0ff:febe:3364,fe80::4271:f819:8915:590a,53,58297,1788059831.892272,1788059831.897205,TCP,0.004934,5,490,1013.4596,99319.0432,98.0,182,47.244,0.001233,0.001615,1,5,0,6
fe80::f8d3:f0ff:febe:3364:53->fe80::4271:f819:8915:590a:53333_TCP,fe80::f8d3:f0ff:febe:3364,fe80::4271:f819:8915:590a,53,53333,1788059831.892468,1788059831.897254,TCP,0.004786,5,473,1044.7106,98829.62,94.6,165,39.6963,0.001197,0.001679,1,5,0,6
fe80::f8d3:f0ff:febe:3364:53->fe80::4271:f819:8915:590a:61114_TCP,fe80::f8d3:f0ff:febe:3364,fe80::4271:f819:8915:590a,53,61114,1788059831.892894,1788059831.897261,TCP,0.004367,6,535,1374.0554,122519.9367,89.1667,153,31.6381,0.000873,0.001402,1,6,0,6
2409:40c4:2024:5958:51ff:38d8:7ac5:9d74:59182->2a03:2880:f311:120:face:b00c:0:167:443_TCP,2409:40c4:2024:5958:51ff:38d8:7ac5:9d74,2a03:2880:f311:120:face:b00c:0:167,59182,443,1788059831.897436,1788059842.924207,TCP,11.026772,9,2721,0.8162,246.7631,302.3333,1314,449.8244,1.378346,3.788347,1,8,0,6
2409:40c4:2024:5958:51ff:38d8:7ac5:9d74:50533->2a03:2880:f311:120:face:b00c:0:167:443_TCP,2409:40c4:2024:5958:51ff:38d8:7ac5:9d74,2a03:2880:f311:120:face:b00c:0:167,50533,443,1788059831.907090,1788059842.910089,TCP,11.002999,10,2616,0.9088,237.7534,261.6,1314,408.7246,1.222555,3.578476,1,9,0,6
2a03:2880:f311:120:face:b00c:0:167:443->2409:40c4:2024:5958:51ff:38d8:7ac5:9d74:59182_TCP,2a03:2880:f311:120:face:b00c:0:167,2409:40c4:2024:5958:51ff:38d8:7ac5:9d74,443,59182,1788059831.960021,1788059842.924081,TCP,10.96406,8,2874,0.7297,262.1292,359.25,1314,465.9377,1.566294,4.086639,1,8,0,6
2a03:2880:f311:120:face:b00c:0:167:443->2409:40c4:2024:5958:51ff:38d8:7ac5:9d74:50533_TCP,2a03:2880:f311:120:face:b00c:0:167,2409:40c4:2024:5958:51ff:38d8:7ac5:9d74,443,50533,1788059831.970035,1788059842.910024,TCP,10.939989,9,5151,0.8227,470.8414,572.3333,1314,576.6711,1.367499,3.82386,1,9,0,6
2409:40c4:2024:5958:51ff:38d8:7ac5:9d74:56137->2001:4860:4828:7700:::443_UDP,2409:40c4:2024:5958:51ff:38d8:7ac5:9d74,2001:4860:4828:7700::,56137,443,1788059832.545030,1788059840.907333,UDP,8.362303,274,71834,32.7661,8590.217,262.1679,1292,340.8312,0.030631,0.063722,0,0,0,17
fe80::4271:f819:8915:590a:53455->fe80::f8d3:f0ff:febe:3364:53_TCP,fe80::4271:f819:8915:590a,fe80::f8d3:f0ff:febe:3364,53455,53,1788059832.578964,1788059832.582990,TCP,0.004026,6,505,1490.1601,125421.8096,84.1667,121,18.6378,0.000805,0.001221,1,5,0,6
fe80::4271:f819:8915:590a:59066->fe80::f8d3:f0ff:febe:3364:53_TCP,fe80::4271:f819:8915:590a,fe80::f8d3:f0ff:febe:3364,59066,53,1788059832.579098,1788059832.583284,TCP,0.004186,6,505,1433.2967,120635.8082,84.1667,121,18.6378,0.000837,0.001327,1,5,0,6
fe80::4271:f819:8915:590a:64535->fe80::f8d3:f0ff:febe:3364:53_TCP,fe80::4271:f819:8915:590a,fe80::f8d3:f0ff:febe:3364,64535,53,1788059832.579194,1788059832.583649,TCP,0.004455,6,505,1346.9184,113365.6348,84.1667,121,18.6378,0.000891,0.001328,1,5,0,6
fe80::f8d3:f0ff:febe:3364:53->fe80::4271:f819:8915:590a:53455_TCP,fe80::f8d3:f0ff:febe:3364,fe80::4271:f819:8915:590a,53,53455,1788059832.579502,1788059832.583444,TCP,0.003942,6,530,1521.973,134440.9507,88.3333,148,29.6221,0.000788,0.000873,1,6,0,6
fe80::f8d3:f0ff:febe:3364:53->fe80::4271:f819:8915:590a:59066_TCP,fe80::f8d3:f0ff:febe:3364,fe80::4271:f819:8915:590a,53,59066,1788059832.579598,1788059832.583504,TCP,0.003906,5,459,1280.0,117504.0,91.8,151,33.4993,0.000977,0.001031,1,5,0,6
fe80::f8d3:f0ff:febe:3364:53->fe80::4271:f819:8915:590a:64535_TCP,fe80::f8d3:f0ff:febe:3364,fe80::4271:f819:8915:590a,53,64535,1788059832.579744,1788059832.583804,TCP,0.004061,5,447,1231.3734,110084.78,89.4,139,28.2099,0.001015,0.001172,1,5,0,6
2409:40c4:2024:5958:51ff:38d8:7ac5:9d74:49693->2a03:2880:f379:120:face:b00c:0:167:443_UDP,2409:40c4:2024:5958:51ff:38d8:7ac5:9d74,2a03:2880:f379:120:face:b00c:0:167,49693,443,1788059832.584607,1788059834.673846,UDP,2.089239,49,9908,23.4535,4742.3964,202.2041,1292,252.2471,0.043526,0.093718,0,0,0,17
2001:4860:4828:7700:::443->2409:40c4:2024:5958:51ff:38d8:7ac5:9d74:56137_UDP,2001:4860:4828:7700::,2409:40c4:2024:5958:51ff:38d8:7ac5:9d74,443,56137,1788059832.604613,1788059840.955598,UDP,8.350985,548,464616,65.621,55636.0745,847.8394,1292,548.8336,0.015267,0.051548,0,0,0,17
2a03:2880:f379:120:face:b00c:0:167:443->2409:40c4:2024:5958:51ff:38d8:7ac5:9d74:49693_UDP,2a03:2880:f379:120:face:b00c:0:167,2409:40c4:2024:5958:51ff:38d8:7ac5:9d74,443,49693,1788059832.646066,1788059834.706017,UDP,2.05995,71,43595,34.4669,21163.1339,614.0141,1294,528.2385,0.029428,0.07799,0,0,0,17
fe80::4271:f819:8915:590a:54181->fe80::f8d3:f0ff:febe:3364:53_TCP,fe80::4271:f819:8915:590a,fe80::f8d3:f0ff:febe:3364,54181,53,1788059832.753062,1788059832.758413,TCP,0.005351,6,505,1121.2718,94373.7088,84.1667,121,18.6378,0.00107,0.001432,1,5,0,6
fe80::4271:f819:8915:590a:57521->fe80::f8d3:f0ff:febe:3364:53_TCP,fe80::4271:f819:8915:590a,fe80::f8d3:f0ff:febe:3364,57521,53,1788059832.753233,1788059832.758535,TCP,0.005302,6,505,1131.6077,95243.6494,84.1667,121,18.6378,0.00106,0.001397,1,5,0,6
fe80::4271:f819:8915:590a:54529->fe80::f8d3:f0ff:febe:3364:53_TCP,fe80::4271:f819:8915:590a,fe80::f8d3:f0ff:febe:3364,54529,53,1788059832.753344,1788059832.758865,TCP,0.005521,6,505,1086.748,91467.9587,84.1667,121,18.6378,0.001104,0.001336,1,5,0,6
fe80::f8d3:f0ff:febe:3364:53->fe80::4271:f819:8915:590a:54181_TCP,fe80::f8d3:f0ff:febe:3364,fe80::4271:f819:8915:590a,53,54181,1788059832.753560,1788059832.759052,TCP,0.005492,5,456,910.4198,83030.2854,91.2,148,32.1745,0.001373,0.001176,1,5,0,6
fe80::f8d3:f0ff:febe:3364:53->fe80::4271:f819:8915:590a:57521_TCP,fe80::f8d3:f0ff:febe:3364,fe80::4271:f819:8915:590a,53,57521,1788059832.753649,1788059832.759060,TCP,0.005411,5,459,924.0998,84832.3582,91.8,151,33.4993,0.001353,0.001199,1,5,0,6
fe80::f8d3:f0ff:febe:3364:53->fe80::4271:f819:8915:590a:54529_TCP,fe80::f8d3:f0ff:febe:3364,fe80::4271:f819:8915:590a,53,54529,1788059832.753810,1788059832.759097,TCP,0.005287,5,447,945.6854,84544.2771,89.4,139,28.2099,0.001322,0.001209,1,5,0,6
2409:40c4:2024:5958:51ff:38d8:7ac5:9d74:63618->2a03:2880:f312:120:face:b00c:0:167:443_UDP,2409:40c4:2024:5958:51ff:38d8:7ac5:9d74,2a03:2880:f312:120:face:b00c:0:167,63618,443,1788059832.759850,1788059834.524595,UDP,1.764745,69,13350,39.0991,7564.8333,193.4783,1292,219.9931,0.025952,0.0525,0,0,0,17
2409:40c4:2024:5958:51ff:38d8:7ac5:9d74:56825->2404:6800:4013:802::8b:443_UDP,2409:40c4:2024:5958:51ff:38d8:7ac5:9d74,2404:6800:4013:802::8b,56825,443,1788059832.767790,1788059836.999765,UDP,4.231975,28,8694,6.6163,2054.3599,310.5,1292,412.959,0.15674,0.640828,0,0,0,17
2a03:2880:f312:120:face:b00c:0:167:443->2409:40c4:2024:5958:51ff:38d8:7ac5:9d74:63618_UDP,2a03:2880:f312:120:face:b00c:0:167,2409:40c4:2024:5958:51ff:38d8:7ac5:9d74,443,63618,1788059832.802278,1788059834.590269,UDP,1.787991,100,62052,55.9287,34704.8764,620.52,1294,526.7671,0.018061,0.044198,0,0,0,17
2404:6800:4013:802::8b:443->2409:40c4:2024:5958:51ff:38d8:7ac5:9d74:56825_UDP,2404:6800:4013:802::8b,2409:40c4:2024:5958:51ff:38d8:7ac5:9d74,443,56825,1788059832.813977,1788059837.049592,UDP,4.235615,31,18846,7.3189,4449.4129,607.9355,1292,553.7865,0.141187,0.611809,0,0,0,17
fe80::4271:f819:8915:590a:57209->fe80::f8d3:f0ff:febe:3364:53_TCP,fe80::4271:f819:8915:590a,fe80::f8d3:f0ff:febe:3364,57209,53,1788059833.095102,1788059833.130580,TCP,0.035478,6,505,169.1183,14234.1271,84.1667,121,18.6378,0.007096,0.015452,1,5,0,6
fe80::4271:f819:8915:590a:52754->fe80::f8d3:f0ff:febe:3364:53_TCP,fe80::4271:f819:8915:590a,fe80::f8d3:f0ff:febe:3364,52754,53,1788059833.095225,1788059833.144431,TCP,0.049207,6,505,121.9345,10262.823,84.1667,121,18.6378,0.009841,0.021611,1,5,0,6
fe80::4271:f819:8915:590a:65347->fe80::f8d3:f0ff:febe:3364:53_TCP,fe80::4271:f819:8915:590a,fe80::f8d3:f0ff:febe:3364,65347,53,1788059833.095319,1788059833.098875,TCP,0.003556,6,505,1687.5092,142032.0204,84.1667,121,18.6378,0.000711,0.001198,1,5,0,6
fe80::f8d3:f0ff:febe:3364:53->fe80::4271:f819:8915:590a:57209_TCP,fe80::f8d3:f0ff:febe:3364,fe80::4271:f819:8915:590a,53,57209,1788059833.095613,1788059833.130865,TCP,0.035252,6,530,170.2027,15034.5678,88.3333,148,29.6221,0.00705,0.015025,1,6,0,6
fe80::f8d3:f0ff:febe:3364:53->fe80::4271:f819:8915:590a:52754_TCP,fe80::f8d3:f0ff:febe:3364,fe80::4271:f819:8915:590a,53,52754,1788059833.095773,1788059833.144658,TCP,0.048886,5,459,102.2796,9389.2711,91.8,151,33.4993,0.012221,0.023768,1,5,0,6
fe80::f8d3:f0ff:febe:3364:53->fe80::4271:f819:8915:590a:65347_TCP,fe80::f8d3:f0ff:febe:3364,fe80::4271:f819:8915:590a,53,65347,1788059833.095923,1788059833.099088,TCP,0.003165,5,447,1579.8945,141242.571,89.4,139,28.2099,0.000791,0.001013,1,5,0,6
fe80::4271:f819:8915:590a:61930->fe80::f8d3:f0ff:febe:3364:53_TCP,fe80::4271:f819:8915:590a,fe80::f8d3:f0ff:febe:3364,61930,53,1788059833.136739,1788059833.179865,TCP,0.043126,6,505,139.1284,11709.974,84.1667,121,18.6378,0.008625,0.018952,1,5,0,6
fe80::4271:f819:8915:590a:60525->fe80::f8d3:f0ff:febe:3364:53_TCP,fe80::4271:f819:8915:590a,fe80::f8d3:f0ff:febe:3364,60525,53,1788059833.136876,1788059833.179653,TCP,0.042777,6,505,140.2629,11805.4583,84.1667,121,18.6378,0.008555,0.018816,1,5,0,6
fe80::4271:f819:8915:590a:54841->fe80::f8d3:f0ff:febe:3364:53_TCP,fe80::4271:f819:8915:590a,fe80::f8d3:f0ff:febe:3364,54841,53,1788059833.136985,1788059833.139769,TCP,0.002783,6,505,2155.7156,181439.397,84.1667,121,18.6378,0.000557,0.000835,1,5,0,6
fe80::f8d3:f0ff:febe:3364:53->fe80::4271:f819:8915:590a:61930_TCP,fe80::f8d3:f0ff:febe:3364,fe80::4271:f819:8915:590a,53,61930,1788059833.137121,1788059833.180032,TCP,0.04291,5,456,116.5227,10626.869,91.2,148,32.1745,0.010728,0.020812,1,5,0,6
fe80::f8d3:f0ff:febe:3364:53->fe80::4271:f819:8915:590a:60525_TCP,fe80::f8d3:f0ff:febe:3364,fe80::4271:f819:8915:590a,53,60525,1788059833.137206,1788059833.179883,TCP,0.042677,5,459,117.1587,10755.1664,91.8,151,33.4993,0.010669,0.020682,1,5,0,6
fe80::f8d3:f0ff:febe:3364:53->fe80::4271:f819:8915:590a:54841_TCP,fe80::f8d3:f0ff:febe:3364,fe80::4271:f819:8915:590a,53,54841,1788059833.137655,1788059833.139986,TCP,0.00233,5,447,2145.6435,191820.5328,89.4,139,28.2099,0.000583,0.000726,1,5,0,6
2409:40c4:2024:5958:51ff:38d8:7ac5:9d74:64875->2a03:2880:f358:120:face:b00c:0:167:443_UDP,2409:40c4:2024:5958:51ff:38d8:7ac5:9d74,2a03:2880:f358:120:face:b00c:0:167,64875,443,1788059833.145085,1788059833.794253,UDP,0.649168,14,4619,21.566,7115.256,329.9286,1292,437.6926,0.049936,0.124948,0,0,0,17
2409:40c4:2024:5958:51ff:38d8:7ac5:9d74:53367->2a03:2880:f33e:123:face:b00c:0:167:443_UDP,2409:40c4:2024:5958:51ff:38d8:7ac5:9d74,2a03:2880:f33e:123:face:b00c:0:167,53367,443,1788059833.180494,1788059834.665921,UDP,1.485427,42,8802,28.2747,5925.5693,209.5714,1292,269.6574,0.03623,0.05876,0,0,0,17
2a03:2880:f358:120:face:b00c:0:167:443->2409:40c4:2024:5958:51ff:38d8:7ac5:9d74:64875_UDP,2a03:2880:f358:120:face:b00c:0:167,2409:40c4:2024:5958:51ff:38d8:7ac5:9d74,443,64875,1788059833.203676,1788059833.855128,UDP,0.651452,19,12370,29.1656,18988.3503,651.0526,1294,533.4907,0.036192,0.110658,0,0,0,17
2a03:2880:f33e:123:face:b00c:0:167:443->2409:40c4:2024:5958:51ff:38d8:7ac5:9d74:53367_UDP,2a03:2880:f33e:123:face:b00c:0:167,2409:40c4:2024:5958:51ff:38d8:7ac5:9d74,443,53367,1788059833.222168,1788059834.703403,UDP,1.481235,60,38188,40.5068,25781.1972,636.4667,1294,537.6496,0.025106,0.051492,0,0,0,17
2409:40c4:2024:5958:51ff:38d8:7ac5:9d74:61858->2a03:2880:f312:120:face:b00c:0:167:443_UDP,2409:40c4:2024:5958:51ff:38d8:7ac5:9d74,2a03:2880:f312:120:face:b00c:0:167,61858,443,1788059834.146505,1788059834.264323,UDP,0.117818,9,3963,76.3889,33636.5925,440.3333,1292,520.4231,0.014727,0.022245,0,0,0,17
2a03:2880:f312:120:face:b00c:0:167:443->2409:40c4:2024:5958:51ff:38d8:7ac5:9d74:61858_UDP,2a03:2880:f312:120:face:b00c:0:167,2409:40c4:2024:5958:51ff:38d8:7ac5:9d74,443,61858,1788059834.205190,1788059834.263994,UDP,0.058804,11,4829,187.062,82120.2148,439.0,1294,493.9545,0.00588,0.018058,0,0,0,17
fe80::4271:f819:8915:590a:62485->fe80::f8d3:f0ff:febe:3364:53_TCP,fe80::4271:f819:8915:590a,fe80::f8d3:f0ff:febe:3364,62485,53,1788059834.207097,1788059834.241526,TCP,0.03443,6,494,174.2689,14348.1398,82.3333,110,14.3341,0.006886,0.014949,1,5,0,6
fe80::4271:f819:8915:590a:50405->fe80::f8d3:f0ff:febe:3364:53_TCP,fe80::4271:f819:8915:590a,fe80::f8d3:f0ff:febe:3364,50405,53,1788059834.207245,1788059834.241624,TCP,0.034378,6,494,174.5287,14369.5337,82.3333,110,14.3341,0.006876,0.014864,1,5,0,6
fe80::4271:f819:8915:590a:56612->fe80::f8d3:f0ff:febe:3364:53_TCP,fe80::4271:f819:8915:590a,fe80::f8d3:f0ff:febe:3364,56612,53,1788059834.207366,1788059834.241760,TCP,0.034395,6,494,174.4465,14362.7604,82.3333,110,14.3341,0.006879,0.014806,1,5,0,6
fe80::f8d3:f0ff:febe:3364:53->fe80::4271:f819:8915:590a:62485_TCP,fe80::f8d3:f0ff:febe:3364,fe80::4271:f819:8915:590a,53,62485,1788059834.207645,1788059834.241678,TCP,0.034034,5,469,146.9139,13780.5248,93.8,161,37.9236,0.008508,0.016359,1,5,0,6
fe80::f8d3:f0ff:febe:3364:53->fe80::4271:f819:8915:590a:50405_TCP,fe80::f8d3:f0ff:febe:3364,fe80::4271:f819:8915:590a,53,50405,1788059834.207807,1788059834.242084,TCP,0.034276,6,640,175.0483,18671.8225,106.6667,258,74.2931,0.006855,0.014469,1,6,0,6
fe80::f8d3:f0ff:febe:3364:53->fe80::4271:f819:8915:590a:56612_TCP,fe80::f8d3:f0ff:febe:3364,fe80::4271:f819:8915:590a,53,56612,1788059834.208139,1788059834.242130,TCP,0.033991,5,710,147.0984,20887.9681,142.0,402,145.4373,0.008498,0.016299,1,5,0,6
172.20.10.6:5353->224.0.0.251:5353_UDP,172.20.10.6,224.0.0.251,5353,5353,1788059834.230074,1788059888.035586,UDP,53.805512,13,2314,0.2416,43.0067,178.0,310,49.6286,4.483793,13.334963,0,0,0,17
fe80::4271:f819:8915:590a:5353->ff02::fb:5353_UDP,fe80::4271:f819:8915:590a,ff02::fb,5353,5353,1788059834.230479,1788059888.035895,UDP,53.805415,13,2574,0.2416,47.8391,198.0,330,49.6286,4.483785,13.334897,0,0,0,17
2409:40c4:2024:5958:51ff:38d8:7ac5:9d74:57770->2404:6800:4000:1006::be:443_UDP,2409:40c4:2024:5958:51ff:38d8:7ac5:9d74,2404:6800:4000:1006::be,57770,443,1788059834.242744,1788059834.440509,UDP,0.197765,19,8372,96.0736,42333.0481,440.6316,1292,532.2359,0.010987,0.023051,0,0,0,17
2404:6800:4000:1006::be:443->2409:40c4:2024:5958:51ff:38d8:7ac5:9d74:57770_UDP,2404:6800:4000:1006::be,2409:40c4:2024:5958:51ff:38d8:7ac5:9d74,443,57770,1788059834.305305,1788059834.480129,UDP,0.174824,27,23535,154.4408,134620.9215,871.6667,1292,547.2415,0.006724,0.017204,0,0,0,17
2409:40c4:2024:5958:51ff:38d8:7ac5:9d74:53457->2404:6800:4013:807::5f:443_UDP,2409:40c4:2024:5958:51ff:38d8:7ac5:9d74,2404:6800:4013:807::5f,53457,443,1788059839.160833,1788059839.384026,UDP,0.223194,17,12321,76.167,55203.1845,724.7647,1292,487.6893,0.01395,0.03071,0,0,0,17
2404:6800:4013:807::5f:443->2409:40c4:2024:5958:51ff:38d8:7ac5:9d74:53457_UDP,2404:6800:4013:807::5f,2409:40c4:2024:5958:51ff:38d8:7ac5:9d74,443,53457,1788059839.231814,1788059839.467517,UDP,0.235703,19,7517,80.6101,31891.8956,395.6316,1292,479.7369,0.013095,0.028811,0,0,0,17
2409:40c4:2024:5958:51ff:38d8:7ac5:9d74:58851->2404:6800:4013:813::54:443_UDP,2409:40c4:2024:5958:51ff:38d8:7ac5:9d74,2404:6800:4013:813::54,58851,443,1788059839.523895,1788059839.689160,UDP,0.165265,17,11418,102.865,69089.004,671.6471,1292,602.8768,0.010329,0.020068,0,0,0,17
2404:6800:4013:813::54:443->2409:40c4:2024:5958:51ff:38d8:7ac5:9d74:58851_UDP,2404:6800:4013:813::54,2409:40c4:2024:5958:51ff:38d8:7ac5:9d74,443,58851,1788059839.585676,1788059839.733770,UDP,0.148094,15,7297,101.2871,49272.7795,486.4667,1292,530.5984,0.010578,0.017921,0,0,0,17
fe80::4271:f819:8915:590a:55583->fe80::f8d3:f0ff:febe:3364:53_TCP,fe80::4271:f819:8915:590a,fe80::f8d3:f0ff:febe:3364,55583,53,1788059839.962562,1788059839.996459,TCP,0.033897,6,493,177.006,14543.9907,82.1667,109,13.9487,0.006779,0.014556,1,5,0,6
fe80::4271:f819:8915:590a:50399->fe80::f8d3:f0ff:febe:3364:53_TCP,fe80::4271:f819:8915:590a,fe80::f8d3:f0ff:febe:3364,50399,53,1788059839.962728,1788059839.994820,TCP,0.032092,6,493,186.9605,15361.9247,82.1667,109,13.9487,0.006418,0.013808,1,5,0,6
fe80::4271:f819:8915:590a:54784->fe80::f8d3:f0ff:febe:3364:53_TCP,fe80::4271:f819:8915:590a,fe80::f8d3:f0ff:febe:3364,54784,53,1788059839.962867,1788059839.995993,TCP,0.033126,6,493,181.126,14882.5176,82.1667,109,13.9487,0.006625,0.014214,1,5,0,6
fe80::f8d3:f0ff:febe:3364:53->fe80::4271:f819:8915:590a:55583_TCP,fe80::f8d3:f0ff:febe:3364,fe80::4271:f819:8915:590a,53,55583,1788059839.963150,1788059839.996554,TCP,0.033404,6,622,179.6199,18620.595,103.6667,240,66.9617,0.006681,0.01427,1,6,0,6
fe80::f8d3:f0ff:febe:3364:53->fe80::4271:f819:8915:590a:50399_TCP,fe80::f8d3:f0ff:febe:3364,fe80::4271:f819:8915:590a,53,50399,1788059839.963306,1788059839.995017,TCP,0.031711,6,556,189.2082,17533.2919,92.6667,174,40.1331,0.006342,0.013564,1,6,0,6
fe80::f8d3:f0ff:febe:3364:53->fe80::4271:f819:8915:590a:54784_TCP,fe80::f8d3:f0ff:febe:3364,fe80::4271:f819:8915:590a,53,54784,1788059839.963519,1788059839.996310,TCP,0.03279,6,544,182.9816,16590.3308,90.6667,162,35.2742,0.006558,0.013971,1,6,0,6
2409:40c4:2024:5958:51ff:38d8:7ac5:9d74:51200->2a03:2880:f311:22:face:b00c:0:4420:443_UDP,2409:40c4:2024:5958:51ff:38d8:7ac5:9d74,2a03:2880:f311:22:face:b00c:0:4420,51200,443,1788059839.997278,1788059842.479124,UDP,2.481846,100,31416,40.2926,12658.318,314.16,1292,436.5826,0.025069,0.062833,0,0,0,17
2409:40c4:2024:5958:51ff:38d8:7ac5:9d74:63491->2a03:2880:f311:22:face:b00c:0:4420:443_TCP,2409:40c4:2024:5958:51ff:38d8:7ac5:9d74,2a03:2880:f311:22:face:b00c:0:4420,63491,443,1788059839.997882,1788059842.924179,TCP,2.926297,10,2615,3.4173,893.6209,261.5,1314,408.6235,0.325144,0.880164,1,9,0,6
2a03:2880:f311:22:face:b00c:0:4420:443->2409:40c4:2024:5958:51ff:38d8:7ac5:9d74:63491_TCP,2a03:2880:f311:22:face:b00c:0:4420,2409:40c4:2024:5958:51ff:38d8:7ac5:9d74,443,63491,1788059840.047167,1788059842.924074,TCP,2.876907,10,5592,3.476,1943.7544,559.2,1314,578.4548,0.319656,0.911958,1,10,0,6
2a03:2880:f311:22:face:b00c:0:4420:443->2409:40c4:2024:5958:51ff:38d8:7ac5:9d74:51200_UDP,2a03:2880:f311:22:face:b00c:0:4420,2409:40c4:2024:5958:51ff:38d8:7ac5:9d74,443,51200,1788059840.052769,1788059842.557836,UDP,2.505067,156,153546,62.2738,61294.1721,984.2692,1294,471.0044,0.016162,0.050412,0,0,0,17
172.20.10.6:52682->13.107.5.93:443_TCP,172.20.10.6,13.107.5.93,52682,443,1788059840.443690,1788059844.862691,TCP,4.419002,13,2845,2.9418,643.8106,218.8462,849,313.2656,0.36825,1.148143,1,12,0,6
fe80::4271:f819:8915:590a:56200->fe80::f8d3:f0ff:febe:3364:53_TCP,fe80::4271:f819:8915:590a,fe80::f8d3:f0ff:febe:3364,56200,53,1788059840.496916,1788059840.527960,TCP,0.031044,6,499,193.2755,16074.0797,83.1667,115,16.2778,0.006209,0.013513,1,5,0,6
fe80::4271:f819:8915:590a:62200->fe80::f8d3:f0ff:febe:3364:53_TCP,fe80::4271:f819:8915:590a,fe80::f8d3:f0ff:febe:3364,62200,53,1788059840.497105,1788059840.529867,TCP,0.032762,6,499,183.1401,15231.1477,83.1667,115,16.2778,0.006552,0.014341,1,5,0,6
fe80::4271:f819:8915:590a:63351->fe80::f8d3:f0ff:febe:3364:53_TCP,fe80::4271:f819:8915:590a,fe80::f8d3:f0ff:febe:3364,63351,53,1788059840.497254,1788059840.501497,TCP,0.004243,6,499,1414.2076,117614.9309,83.1667,115,16.2778,0.000849,0.001438,1,5,0,6
fe80::f8d3:f0ff:febe:3364:53->fe80::4271:f819:8915:590a:56200_TCP,fe80::f8d3:f0ff:febe:3364,fe80::4271:f819:8915:590a,53,56200,1788059840.497341,1788059840.528195,TCP,0.030854,5,533,162.0511,17274.6481,106.6,225,66.3913,0.007714,0.014747,1,5,0,6
fe80::f8d3:f0ff:febe:3364:53->fe80::4271:f819:8915:590a:62200_TCP,fe80::f8d3:f0ff:febe:3364,fe80::4271:f819:8915:590a,53,62200,1788059840.497460,1788059840.530093,TCP,0.032633,5,476,153.2199,14586.5385,95.2,168,41.0268,0.008158,0.015725,1,5,0,6
fe80::f8d3:f0ff:febe:3364:53->fe80::4271:f819:8915:590a:63351_TCP,fe80::f8d3:f0ff:febe:3364,fe80::4271:f819:8915:590a,53,63351,1788059840.497894,1788059840.501717,TCP,0.003823,5,464,1307.7775,121361.7521,92.8,156,35.7099,0.000956,0.001403,1,5,0,6
13.107.5.93:443->172.20.10.6:52682_TCP,13.107.5.93,172.20.10.6,443,52682,1788059840.507757,1788059844.862595,TCP,4.354837,18,10789,4.1333,2477.4748,599.3889,1294,564.8591,0.256167,0.985438,1,18,0,6
2409:40c4:2024:5958:51ff:38d8:7ac5:9d74:50973->2a03:2880:f311:c0:face:b00c:0:43fe:443_UDP,2409:40c4:2024:5958:51ff:38d8:7ac5:9d74,2a03:2880:f311:c0:face:b00c:0:43fe,50973,443,1788059840.530535,1788059842.130295,UDP,1.599761,249,30558,155.6483,19101.6089,122.7229,1292,123.2998,0.006451,0.028479,0,0,0,17
2409:40c4:2024:5958:51ff:38d8:7ac5:9d74:56967->2a03:2880:f311:c0:face:b00c:0:43fe:443_TCP,2409:40c4:2024:5958:51ff:38d8:7ac5:9d74,2a03:2880:f311:c0:face:b00c:0:43fe,56967,443,1788059840.530766,1788059842.924149,TCP,2.393383,10,2621,4.1782,1095.1028,262.1,1314,409.2336,0.265931,0.705794,1,9,0,6
2409:40c4:2024:5958:51ff:38d8:7ac5:9d74:59545->2a03:2880:f311:c0:face:b00c:0:43fe:443_TCP,2409:40c4:2024:5958:51ff:38d8:7ac5:9d74,2a03:2880:f311:c0:face:b00c:0:43fe,59545,443,1788059840.530929,1788059842.911104,TCP,2.380175,10,2653,4.2014,1114.6238,265.3,1314,412.6193,0.264464,0.707071,1,9,0,6
2409:40c4:2024:5958:51ff:38d8:7ac5:9d74:51466->2a03:2880:f311:c0:face:b00c:0:43fe:443_TCP,2409:40c4:2024:5958:51ff:38d8:7ac5:9d74,2a03:2880:f311:c0:face:b00c:0:43fe,51466,443,1788059840.531073,1788059842.910057,TCP,2.378984,10,2589,4.2035,1088.2797,258.9,1314,406.0718,0.264332,0.707142,1,9,0,6
2409:40c4:2024:5958:51ff:38d8:7ac5:9d74:51594->2a03:2880:f311:c0:face:b00c:0:43fe:443_TCP,2409:40c4:2024:5958:51ff:38d8:7ac5:9d74,2a03:2880:f311:c0:face:b00c:0:43fe,51594,443,1788059840.531210,1788059842.924169,TCP,2.39296,10,2557,4.1789,1068.5513,255.7,1314,403.1394,0.265884,0.703627,1,9,0,6
2409:40c4:2024:5958:51ff:38d8:7ac5:9d74:55267->2a03:2880:f311:c0:face:b00c:0:43fe:443_TCP,2409:40c4:2024:5958:51ff:38d8:7ac5:9d74,2a03:2880:f311:c0:face:b00c:0:43fe,55267,443,1788059840.531359,1788059842.911041,TCP,2.379682,10,2557,4.2022,1074.5133,255.7,1314,403.1394,0.264409,0.704819,1,9,0,6
2409:40c4:2024:5958:51ff:38d8:7ac5:9d74:50933->2a03:2880:f311:c0:face:b00c:0:43fe:443_TCP,2409:40c4:2024:5958:51ff:38d8:7ac5:9d74,2a03:2880:f311:c0:face:b00c:0:43fe,50933,443,1788059840.531528,1788059842.919177,TCP,2.387649,10,2589,4.1882,1084.3303,258.9,1314,406.0718,0.265294,0.706022,1,9,0,6
2a03:2880:f311:c0:face:b00c:0:43fe:443->2409:40c4:2024:5958:51ff:38d8:7ac5:9d74:59545_TCP,2a03:2880:f311:c0:face:b00c:0:43fe,2409:40c4:2024:5958:51ff:38d8:7ac5:9d74,443,59545,1788059840.574054,1788059842.910964,TCP,2.33691,9,5164,3.8512,2209.7558,573.7778,1314,576.6042,0.292114,0.7777,1,9,0,6
2a03:2880:f311:c0:face:b00c:0:43fe:443->2409:40c4:2024:5958:51ff:38d8:7ac5:9d74:56967_TCP,2a03:2880:f311:c0:face:b00c:0:43fe,2409:40c4:2024:5958:51ff:38d8:7ac5:9d74,443,56967,1788059840.575900,1788059842.924061,TCP,2.348161,9,5163,3.8328,2198.7415,573.6667,1314,576.603,0.29352,0.781503,1,9,0,6
2a03:2880:f311:c0:face:b00c:0:43fe:443->2409:40c4:2024:5958:51ff:38d8:7ac5:9d74:51466_TCP,2a03:2880:f311:c0:face:b00c:0:43fe,2409:40c4:2024:5958:51ff:38d8:7ac5:9d74,443,51466,1788059840.579901,1788059842.910009,TCP,2.330108,9,5164,3.8625,2216.2061,573.7778,1314,576.6042,0.291264,0.777641,1,9,0,6
2a03:2880:f311:c0:face:b00c:0:43fe:443->2409:40c4:2024:5958:51ff:38d8:7ac5:9d74:55267_TCP,2a03:2880:f311:c0:face:b00c:0:43fe,2409:40c4:2024:5958:51ff:38d8:7ac5:9d74,443,55267,1788059840.581570,1788059842.910916,TCP,2.329346,10,5238,4.293,2248.6994,523.8,1314,566.135,0.258816,0.731854,1,10,0,6
2a03:2880:f311:c0:face:b00c:0:43fe:443->2409:40c4:2024:5958:51ff:38d8:7ac5:9d74:50933_TCP,2a03:2880:f311:c0:face:b00c:0:43fe,2409:40c4:2024:5958:51ff:38d8:7ac5:9d74,443,50933,1788059840.581580,1788059842.919138,TCP,2.337559,9,5163,3.8502,2208.7148,573.6667,1314,576.603,0.292195,0.780029,1,9,0,6
2a03:2880:f311:c0:face:b00c:0:43fe:443->2409:40c4:2024:5958:51ff:38d8:7ac5:9d74:51594_TCP,2a03:2880:f311:c0:face:b00c:0:43fe,2409:40c4:2024:5958:51ff:38d8:7ac5:9d74,443,51594,1788059840.583572,1788059842.924069,TCP,2.340497,9,5163,3.8453,2205.9413,573.6667,1314,576.603,0.292562,0.779478,1,9,0,6
2a03:2880:f311:c0:face:b00c:0:43fe:443->2409:40c4:2024:5958:51ff:38d8:7ac5:9d74:50973_UDP,2a03:2880:f311:c0:face:b00c:0:43fe,2409:40c4:2024:5958:51ff:38d8:7ac5:9d74,443,50973,1788059840.583648,1788059842.225700,UDP,1.642052,1689,2133467,1028.5908,1299268.5156,1263.1539,1294,178.4195,0.000973,0.011703,0,0,0,17
2409:40c4:2024:5958:51ff:38d8:7ac5:9d74:55251->2a03:2880:f311:c0:face:b00c:0:43fe:443_UDP,2409:40c4:2024:5958:51ff:38d8:7ac5:9d74,2a03:2880:f311:c0:face:b00c:0:43fe,55251,443,1788059840.780540,1788059841.616391,UDP,0.835852,108,14824,129.2095,17735.2042,137.2593,1292,201.521,0.007812,0.032039,0,0,0,17
2409:40c4:2024:5958:51ff:38d8:7ac5:9d74:54341->2a03:2880:f311:c0:face:b00c:0:43fe:443_TCP,2409:40c4:2024:5958:51ff:38d8:7ac5:9d74,2a03:2880:f311:c0:face:b00c:0:43fe,54341,443,1788059840.781019,1788059842.924160,TCP,2.14314,9,2483,4.1994,1158.5802,275.8889,1314,422.198,0.267893,0.65625,1,8,0,6
2409:40c4:2024:5958:51ff:38d8:7ac5:9d74:60935->2a03:2880:f311:c0:face:b00c:0:43fe:443_TCP,2409:40c4:2024:5958:51ff:38d8:7ac5:9d74,2a03:2880:f311:c0:face:b00c:0:43fe,60935,443,1788059840.781166,1788059842.924117,TCP,2.142951,10,2589,4.6665,1208.1471,258.9,1314,406.0718,0.238106,0.620358,1,9,0,6
2a03:2880:f311:c0:face:b00c:0:43fe:443->2409:40c4:2024:5958:51ff:38d8:7ac5:9d74:60935_TCP,2a03:2880:f311:c0:face:b00c:0:43fe,2409:40c4:2024:5958:51ff:38d8:7ac5:9d74,443,60935,1788059840.831576,1788059842.924047,TCP,2.092472,9,5165,4.3011,2468.3725,573.8889,1314,576.6057,0.261559,0.69103,1,9,0,6
2a03:2880:f311:c0:face:b00c:0:43fe:443->2409:40c4:2024:5958:51ff:38d8:7ac5:9d74:54341_TCP,2a03:2880:f311:c0:face:b00c:0:43fe,2409:40c4:2024:5958:51ff:38d8:7ac5:9d74,443,54341,1788059840.838713,1788059842.924066,TCP,2.085353,10,5238,4.7954,2511.8051,523.8,1314,566.135,0.231706,0.652518,1,10,0,6
2a03:2880:f311:c0:face:b00c:0:43fe:443->2409:40c4:2024:5958:51ff:38d8:7ac5:9d74:55251_UDP,2a03:2880:f311:c0:face:b00c:0:43fe,2409:40c4:2024:5958:51ff:38d8:7ac5:9d74,443,55251,1788059840.846299,1788059841.695659,UDP,0.849359,470,593526,553.3583,698792.629,1262.8213,1294,178.5799,0.001811,0.018474,0,0,0,17
fe80::4271:f819:8915:590a:55921->fe80::f8d3:f0ff:febe:3364:53_TCP,fe80::4271:f819:8915:590a,fe80::f8d3:f0ff:febe:3364,55921,53,1788059841.350003,1788059841.378752,TCP,0.028749,6,492,208.6995,17113.3614,82.0,108,13.5647,0.00575,0.012487,1,5,0,6
fe80::4271:f819:8915:590a:54192->fe80::f8d3:f0ff:febe:3364:53_TCP,fe80::4271:f819:8915:590a,fe80::f8d3:f0ff:febe:3364,54192,53,1788059841.350146,1788059841.383574,TCP,0.033428,6,492,179.4918,14718.3257,82.0,108,13.5647,0.006686,0.014592,1,5,0,6
fe80::4271:f819:8915:590a:58387->fe80::f8d3:f0ff:febe:3364:53_TCP,fe80::4271:f819:8915:590a,fe80::f8d3:f0ff:febe:3364,58387,53,1788059841.350262,1788059841.354403,TCP,0.004141,6,492,1448.9765,118816.0737,82.0,108,13.5647,0.000828,0.001419,1,5,0,6
fe80::f8d3:f0ff:febe:3364:53->fe80::4271:f819:8915:590a:55921_TCP,fe80::f8d3:f0ff:febe:3364,fe80::4271:f819:8915:590a,53,55921,1788059841.350435,1788059841.378968,TCP,0.028533,5,534,175.2387,18715.4966,106.8,226,66.8371,0.007133,0.013584,1,5,0,6
fe80::f8d3:f0ff:febe:3364:53->fe80::4271:f819:8915:590a:54192_TCP,fe80::f8d3:f0ff:febe:3364,fe80::4271:f819:8915:590a,53,54192,1788059841.350589,1788059841.383794,TCP,0.033205,5,475,150.5796,14305.0606,95.0,167,40.5832,0.008301,0.016054,1,5,0,6
fe80::f8d3:f0ff:febe:3364:53->fe80::4271:f819:8915:590a:58387_TCP,fe80::f8d3:f0ff:febe:3364,fe80::4271:f819:8915:590a,53,58387,1788059841.350991,1788059841.354673,TCP,0.003682,5,463,1357.9073,125742.2139,92.6,155,35.2675,0.000921,0.00131,1,5,0,6
2409:40c4:2024:5958:51ff:38d8:7ac5:9d74:65089->2a03:2880:f346:1:face:b00c:0:25de:443_UDP,2409:40c4:2024:5958:51ff:38d8:7ac5:9d74,2a03:2880:f346:1:face:b00c:0:25de,65089,443,1788059841.384238,1788059841.824642,UDP,0.440403,14,5525,31.789,12545.3147,394.6429,1292,499.0019,0.033877,0.070385,0,0,0,17
2409:40c4:2024:5958:51ff:38d8:7ac5:9d74:50920->2a03:2880:f346:1:face:b00c:0:25de:443_TCP,2409:40c4:2024:5958:51ff:38d8:7ac5:9d74,2a03:2880:f346:1:face:b00c:0:25de,50920,443,1788059841.384488,1788059842.924194,TCP,1.539706,10,2614,6.4947,1697.7265,261.4,1314,408.5226,0.171078,0.416704,1,9,0,6
2409:40c4:2024:5958:51ff:38d8:7ac5:9d74:50952->2a03:2880:f346:1:face:b00c:0:25de:443_TCP,2409:40c4:2024:5958:51ff:38d8:7ac5:9d74,2a03:2880:f346:1:face:b00c:0:25de,50952,443,1788059841.384645,1788059842.899801,TCP,1.515156,10,2614,6.6,1725.2349,261.4,1314,408.5226,0.168351,0.435732,1,9,0,6
2a03:2880:f346:1:face:b00c:0:25de:443->2409:40c4:2024:5958:51ff:38d8:7ac5:9d74:50952_TCP,2a03:2880:f346:1:face:b00c:0:25de,2409:40c4:2024:5958:51ff:38d8:7ac5:9d74,443,50952,1788059841.423305,1788059842.899750,TCP,1.476445,9,5170,6.0957,3501.6544,574.4444,1314,576.688,0.184556,0.485164,1,9,0,6
2a03:2880:f346:1:face:b00c:0:25de:443->2409:40c4:2024:5958:51ff:38d8:7ac5:9d74:50920_TCP,2a03:2880:f346:1:face:b00c:0:25de,2409:40c4:2024:5958:51ff:38d8:7ac5:9d74,443,50920,1788059841.437305,1788059842.924077,TCP,1.486772,10,5258,6.726,3536.5206,525.8,1314,565.2454,0.165197,0.448495,1,10,0,6
2a03:2880:f346:1:face:b00c:0:25de:443->2409:40c4:2024:5958:51ff:38d8:7ac5:9d74:65089_UDP,2a03:2880:f346:1:face:b00c:0:25de,2409:40c4:2024:5958:51ff:38d8:7ac5:9d74,443,65089,1788059841.443826,1788059841.877383,UDP,0.433556,17,12967,39.2106,29908.4558,762.7647,1294,540.326,0.027097,0.073343,0,0,0,17
fe80::4271:f819:8915:590a:57833->fe80::f8d3:f0ff:febe:3364:53_TCP,fe80::4271:f819:8915:590a,fe80::f8d3:f0ff:febe:3364,57833,53,1788059841.548630,1788059841.575877,TCP,0.027247,6,493,220.2062,18093.6086,82.1667,109,13.9487,0.005449,0.011758,1,5,0,6
fe80::4271:f819:8915:590a:56238->fe80::f8d3:f0ff:febe:3364:53_TCP,fe80::4271:f819:8915:590a,fe80::f8d3:f0ff:febe:3364,56238,53,1788059841.548807,1788059841.575977,TCP,0.02717,6,493,220.8323,18145.051,82.1667,109,13.9487,0.005434,0.011847,1,5,0,6
fe80::4271:f819:8915:590a:51719->fe80::f8d3:f0ff:febe:3364:53_TCP,fe80::4271:f819:8915:590a,fe80::f8d3:f0ff:febe:3364,51719,53,1788059841.548937,1788059841.578593,TCP,0.029656,6,493,202.3204,16623.992,82.1667,109,13.9487,0.005931,0.012762,1,5,0,6
fe80::f8d3:f0ff:febe:3364:53->fe80::4271:f819:8915:590a:57833_TCP,fe80::f8d3:f0ff:febe:3364,fe80::4271:f819:8915:590a,53,57833,1788059841.549100,1788059841.576195,TCP,0.027096,5,534,184.5305,19707.8553,106.8,226,66.8371,0.006774,0.012829,1,5,0,6
fe80::f8d3:f0ff:febe:3364:53->fe80::4271:f819:8915:590a:56238_TCP,fe80::f8d3:f0ff:febe:3364,fe80::4271:f819:8915:590a,53,56238,1788059841.549196,1788059841.576247,TCP,0.02705,5,480,184.8395,17744.592,96.0,172,42.8019,0.006763,0.012894,1,5,0,6
fe80::f8d3:f0ff:febe:3364:53->fe80::4271:f819:8915:590a:51719_TCP,fe80::f8d3:f0ff:febe:3364,fe80::4271:f819:8915:590a,53,51719,1788059841.549610,1788059841.578798,TCP,0.029188,6,542,205.5628,18569.1757,90.3333,160,34.4654,0.005838,0.011881,1,6,0,6
2409:40c4:2024:5958:51ff:38d8:7ac5:9d74:56307->2a03:2880:f311:8d:face:b00c:0:2:443_UDP,2409:40c4:2024:5958:51ff:38d8:7ac5:9d74,2a03:2880:f311:8d:face:b00c:0:2,56307,443,1788059841.579389,1788059841.962143,UDP,0.382754,12,3898,31.3517,10184.0909,324.8333,1292,457.392,0.034796,0.060774,0,0,0,17
2409:40c4:2024:5958:51ff:38d8:7ac5:9d74:57346->2a03:2880:f311:8d:face:b00c:0:2:443_TCP,2409:40c4:2024:5958:51ff:38d8:7ac5:9d74,2a03:2880:f311:8d:face:b00c:0:2,57346,443,1788059841.579753,1788059842.904105,TCP,1.324353,10,2551,7.5509,1926.2243,255.1,1314,402.6155,0.14715,0.363241,1,9,0,6
2a03:2880:f311:8d:face:b00c:0:2:443->2409:40c4:2024:5958:51ff:38d8:7ac5:9d74:57346_TCP,2a03:2880:f311:8d:face:b00c:0:2,2409:40c4:2024:5958:51ff:38d8:7ac5:9d74,443,57346,1788059841.625767,1788059842.904040,TCP,1.278273,10,5586,7.8231,4369.9598,558.6,1314,578.0443,0.14203,0.38754,1,10,0,6
2a03:2880:f311:8d:face:b00c:0:2:443->2409:40c4:2024:5958:51ff:38d8:7ac5:9d74:56307_UDP,2a03:2880:f311:8d:face:b00c:0:2,2409:40c4:2024:5958:51ff:38d8:7ac5:9d74,443,56307,1788059841.631951,1788059842.017369,UDP,0.385418,14,9571,36.3242,24832.7676,683.6429,1294,543.4706,0.029648,0.068059,0,0,0,17
172.20.10.6:59586->172.20.10.1:53_UDP,172.20.10.6,172.20.10.1,59586,53,1788059841.709366,1788059841.709366,UDP,0.0,1,74,0.0,0.0,74.0,74,0.0,0.0,0.0,0,0,0,17
172.20.10.1:53->172.20.10.6:59586_UDP,172.20.10.1,172.20.10.6,53,59586,1788059841.719058,1788059841.719058,UDP,0.0,1,279,0.0,0.0,279.0,279,0.0,0.0,0.0,0,0,0,17
2409:40c4:2024:5958:51ff:38d8:7ac5:9d74:57347->2603:1063:27:2::14:443_TCP,2409:40c4:2024:5958:51ff:38d8:7ac5:9d74,2603:1063:27:2::14,57347,443,1788059841.719631,1788059841.987400,TCP,0.267769,11,1986,41.0802,7416.8379,180.5455,708,219.669,0.026777,0.040627,1,10,0,6
2603:1063:27:2::14:443->2409:40c4:2024:5958:51ff:38d8:7ac5:9d74:57347_TCP,2603:1063:27:2::14,2409:40c4:2024:5958:51ff:38d8:7ac5:9d74,443,57347,1788059841.757109,1788059841.987357,TCP,0.230247,13,10885,56.461,47275.2642,837.3077,1314,571.0111,0.019187,0.038674,1,13,0,6
172.20.10.6:57348->192.168.4.11:445_TCP,172.20.10.6,192.168.4.11,57348,445,1788059842.033733,1788059857.052345,TCP,15.018612,5,330,0.3329,21.9727,66.0,66,0.0,3.754653,3.09263,5,0,0,6
172.20.10.6:57349->192.168.4.2:445_TCP,172.20.10.6,192.168.4.2,57349,445,1788059842.033819,1788059857.052621,TCP,15.018802,5,330,0.3329,21.9725,66.0,66,0.0,3.7547,3.092819,5,0,0,6
fe80::4271:f819:8915:590a:53292->fe80::f8d3:f0ff:febe:3364:53_TCP,fe80::4271:f819:8915:590a,fe80::f8d3:f0ff:febe:3364,53292,53,1788059842.636394,1788059842.690213,TCP,0.053819,6,496,111.4839,9216.0045,82.6667,112,15.1085,0.010764,0.023586,1,5,0,6
fe80::4271:f819:8915:590a:58981->fe80::f8d3:f0ff:febe:3364:53_TCP,fe80::4271:f819:8915:590a,fe80::f8d3:f0ff:febe:3364,58981,53,1788059842.636526,1788059842.698408,TCP,0.061882,6,496,96.9587,8015.2524,82.6667,112,15.1085,0.012376,0.027256,1,5,0,6
fe80::4271:f819:8915:590a:59442->fe80::f8d3:f0ff:febe:3364:53_TCP,fe80::4271:f819:8915:590a,fe80::f8d3:f0ff:febe:3364,59442,53,1788059842.636642,1788059842.694975,TCP,0.058333,6,496,102.857,8502.8479,82.6667,112,15.1085,0.011667,0.025426,1,5,0,6
fe80::f8d3:f0ff:febe:3364:53->fe80::4271:f819:8915:590a:53292_TCP,fe80::f8d3:f0ff:febe:3364,fe80::4271:f819:8915:590a,53,53292,1788059842.636984,1788059842.690470,TCP,0.053487,5,487,93.481,9105.0461,97.4,179,45.9108,0.013372,0.025976,1,5,0,6
fe80::f8d3:f0ff:febe:3364:53->fe80::4271:f819:8915:590a:58981_TCP,fe80::f8d3:f0ff:febe:3364,fe80::4271:f819:8915:590a,53,58981,1788059842.637076,1788059842.698611,TCP,0.061536,5,689,81.2538,11196.7712,137.8,381,136.0522,0.015384,0.030061,1,5,0,6
fe80::f8d3:f0ff:febe:3364:53->fe80::4271:f819:8915:590a:59442_TCP,fe80::f8d3:f0ff:febe:3364,fe80::4271:f819:8915:590a,53,59442,1788059842.637642,1788059842.695218,TCP,0.057576,5,529,86.8422,9187.9035,105.8,221,64.608,0.014394,0.028171,1,5,0,6
2409:40c4:2024:5958:51ff:38d8:7ac5:9d74:52270->2600:9000:2576:4a00:15:85fe:56c0:93a1:443_TCP,2409:40c4:2024:5958:51ff:38d8:7ac5:9d74,2600:9000:2576:4a00:15:85fe:56c0:93a1,52270,443,1788059842.698772,1788059842.906171,TCP,0.207399,14,3344,67.5027,16123.5006,238.8571,1294,344.0702,0.015954,0.023523,1,13,0,6
2600:9000:2576:4a00:15:85fe:56c0:93a1:443->2409:40c4:2024:5958:51ff:38d8:7ac5:9d74:52270_TCP,2600:9000:2576:4a00:15:85fe:56c0:93a1,2409:40c4:2024:5958:51ff:38d8:7ac5:9d74,443,52270,1788059842.739991,1788059842.906133,TCP,0.166142,16,7870,96.3034,47369.2577,491.875,1294,547.0663,0.011076,0.021746,1,16,0,6
172.20.10.6:55443->192.168.4.2:443_UDP,172.20.10.6,192.168.4.2,55443,443,1788059843.086194,1788059850.098974,UDP,7.01278,4,5048,0.5704,719.8287,1262.0,1262,0.0,2.337593,1.525189,0,0,0,17
172.20.10.6:55444->192.168.4.11:443_UDP,172.20.10.6,192.168.4.11,55444,443,1788059843.086194,1788059850.098974,UDP,7.01278,4,5048,0.5704,719.8286,1262.0,1262,0.0,2.337593,1.525189,0,0,0,17
fe80::4271:f819:8915:590a:52102->fe80::f8d3:f0ff:febe:3364:53_TCP,fe80::4271:f819:8915:590a,fe80::f8d3:f0ff:febe:3364,52102,53,1788059843.182537,1788059843.306331,TCP,0.123794,6,496,48.4677,4006.6614,82.6667,112,15.1085,0.024759,0.054593,1,5,0,6
fe80::4271:f819:8915:590a:59555->fe80::f8d3:f0ff:febe:3364:53_TCP,fe80::4271:f819:8915:590a,fe80::f8d3:f0ff:febe:3364,59555,53,1788059843.182659,1788059843.306073,TCP,0.123414,6,496,48.6167,4018.9839,82.6667,112,15.1085,0.024683,0.054468,1,5,0,6
fe80::4271:f819:8915:590a:61444->fe80::f8d3:f0ff:febe:3364:53_TCP,fe80::4271:f819:8915:590a,fe80::f8d3:f0ff:febe:3364,61444,53,1788059843.182745,1788059843.298570,TCP,0.115825,6,496,51.8022,4282.316,82.6667,112,15.1085,0.023165,0.051135,1,5,0,6
fe80::f8d3:f0ff:febe:3364:53->fe80::4271:f819:8915:590a:52102_TCP,fe80::f8d3:f0ff:febe:3364,fe80::4271:f819:8915:590a,53,52102,1788059843.183547,1788059843.306649,TCP,0.123102,5,560,40.6166,4549.0574,112.0,252,78.4347,0.030776,0.060578,1,5,0,6
fe80::f8d3:f0ff:febe:3364:53->fe80::4271:f819:8915:590a:59555_TCP,fe80::f8d3:f0ff:febe:3364,fe80::4271:f819:8915:590a,53,59555,1788059843.183560,1788059843.306249,TCP,0.122689,5,706,40.7534,5754.3755,141.2,398,143.6496,0.030672,0.060395,1,5,0,6
fe80::f8d3:f0ff:febe:3364:53->fe80::4271:f819:8915:590a:61444_TCP,fe80::f8d3:f0ff:febe:3364,fe80::4271:f819:8915:590a,53,61444,1788059843.183564,1788059843.298796,TCP,0.115232,5,610,43.3907,5293.6688,122.0,302,100.7571,0.028808,0.056608,1,5,0,6
2409:40c4:2024:5958:51ff:38d8:7ac5:9d74:57393->64:ff9b::3427:fa39:443_TCP,2409:40c4:2024:5958:51ff:38d8:7ac5:9d74,64:ff9b::3427:fa39,57393,443,1788059843.306636,1788059854.633011,TCP,11.326375,14,4395,1.2361,388.0324,313.9286,1314,399.1012,0.87126,2.863965,1,13,0,6
2409:40c4:2024:5958:51ff:38d8:7ac5:9d74:53346->64:ff9b::3427:fa39:443_TCP,2409:40c4:2024:5958:51ff:38d8:7ac5:9d74,64:ff9b::3427:fa39,53346,443,1788059843.572223,1788059854.632716,TCP,11.060492,9,2761,0.8137,249.6272,306.7778,1314,455.6604,1.382562,3.527805,1,8,0,6
64:ff9b::3427:fa39:443->2409:40c4:2024:5958:51ff:38d8:7ac5:9d74:57393_TCP,64:ff9b::3427:fa39,2409:40c4:2024:5958:51ff:38d8:7ac5:9d74,443,57393,1788059843.608117,1788059854.952296,TCP,11.344179,17,5068,1.4986,446.7489,298.1176,1294,415.8947,0.709011,2.496335,1,17,0,6
172.20.10.6:62085->54.184.80.161:443_TCP,172.20.10.6,54.184.80.161,62085,443,1788059843.872505,1788059843.872505,TCP,0.0,1,66,0.0,0.0,66.0,66,0.0,0.0,0.0,1,0,0,6
64:ff9b::3427:fa39:443->2409:40c4:2024:5958:51ff:38d8:7ac5:9d74:53346_TCP,64:ff9b::3427:fa39,2409:40c4:2024:5958:51ff:38d8:7ac5:9d74,443,53346,1788059843.914196,1788059854.632662,TCP,10.718466,12,4382,1.1196,408.8272,365.1667,1294,479.091,0.974406,3.030653,1,12,0,6
54.184.80.161:443->172.20.10.6:62085_TCP,54.184.80.161,172.20.10.6,443,62085,1788059844.239174,1788059847.272653,TCP,3.033479,3,198,0.989,65.2716,66.0,66,0.0,1.51674,0.69019,3,3,0,6
2409:40c4:2024:5958:51ff:38d8:7ac5:9d74:56011->2a03:2880:f311:22:face:b00c:0:4420:443_UDP,2409:40c4:2024:5958:51ff:38d8:7ac5:9d74,2a03:2880:f311:22:face:b00c:0:4420,56011,443,1788059844.285693,1788059889.352117,UDP,45.066424,81,21614,1.7973,479.6032,266.8395,1292,382.2482,0.56333,2.696604,0,0,0,17
2a03:2880:f311:22:face:b00c:0:4420:443->2409:40c4:2024:5958:51ff:38d8:7ac5:9d74:56011_UDP,2a03:2880:f311:22:face:b00c:0:4420,2409:40c4:2024:5958:51ff:38d8:7ac5:9d74,443,56011,1788059844.361145,1788059889.434033,UDP,45.072889,136,138334,3.0173,3069.1177,1017.1618,1294,482.0292,0.333873,2.093501,0,0,0,17
fe80::4271:f819:8915:590a:60197->fe80::f8d3:f0ff:febe:3364:53_TCP,fe80::4271:f819:8915:590a,fe80::f8d3:f0ff:febe:3364,60197,53,1788059845.213415,1788059845.223064,TCP,0.009649,6,493,621.8544,51095.6997,82.1667,109,13.9487,0.00193,0.002793,1,5,0,6
fe80::4271:f819:8915:590a:59193->fe80::f8d3:f0ff:febe:3364:53_TCP,fe80::4271:f819:8915:590a,fe80::f8d3:f0ff:febe:3364,59193,53,1788059845.213570,1788059845.277170,TCP,0.063599,6,493,94.3406,7751.6518,82.1667,109,13.9487,0.01272,0.024887,1,5,0,6
fe80::4271:f819:8915:590a:59486->fe80::f8d3:f0ff:febe:3364:53_TCP,fe80::4271:f819:8915:590a,fe80::f8d3:f0ff:febe:3364,59486,53,1788059845.213680,1788059845.223158,TCP,0.009478,6,493,633.0388,52014.6871,82.1667,109,13.9487,0.001896,0.0027,1,5,0,6
fe80::f8d3:f0ff:febe:3364:53->fe80::4271:f819:8915:590a:60197_TCP,fe80::f8d3:f0ff:febe:3364,fe80::4271:f819:8915:590a,53,60197,1788059845.214014,1788059845.223402,TCP,0.009388,6,543,639.1158,57839.9805,90.5,161,34.8698,0.001878,0.002493,1,6,0,6
fe80::f8d3:f0ff:febe:3364:53->fe80::4271:f819:8915:590a:59193_TCP,fe80::f8d3:f0ff:febe:3364,fe80::4271:f819:8915:590a,53,59193,1788059845.214175,1788059845.277466,TCP,0.063291,6,717,94.8008,11328.6972,119.5,335,105.6821,0.012658,0.022925,1,6,0,6
fe80::f8d3:f0ff:febe:3364:53->fe80::4271:f819:8915:590a:59486_TCP,fe80::f8d3:f0ff:febe:3364,fe80::4271:f819:8915:590a,53,59486,1788059845.214318,1788059845.223553,TCP,0.009234,5,547,541.452,59234.852,109.4,239,72.6347,0.002309,0.002855,1,5,0,6
2409:40c4:2024:5958:51ff:38d8:7ac5:9d74:56534->2001:4860:482c:200:::443_UDP,2409:40c4:2024:5958:51ff:38d8:7ac5:9d74,2001:4860:482c:200::,56534,443,1788059845.278014,1788059845.674393,UDP,0.396379,15,8966,37.8426,22619.7658,597.7333,1292,588.0817,0.028313,0.062229,0,0,0,17
2001:4860:482c:200:::443->2409:40c4:2024:5958:51ff:38d8:7ac5:9d74:56534_UDP,2001:4860:482c:200::,2409:40c4:2024:5958:51ff:38d8:7ac5:9d74,443,56534,1788059845.336904,1788059845.749035,UDP,0.412131,20,7394,48.5282,17940.884,369.7,1292,459.6932,0.021691,0.058684,0,0,0,17
fe80::4271:f819:8915:590a:57256->fe80::f8d3:f0ff:febe:3364:53_TCP,fe80::4271:f819:8915:590a,fe80::f8d3:f0ff:febe:3364,57256,53,1788059845.774976,1788059845.820918,TCP,0.045942,6,511,130.5999,11122.7612,85.1667,127,21.0182,0.009188,0.020071,1,5,0,6
fe80::4271:f819:8915:590a:60054->fe80::f8d3:f0ff:febe:3364:53_TCP,fe80::4271:f819:8915:590a,fe80::f8d3:f0ff:febe:3364,60054,53,1788059845.775099,1788059845.825577,TCP,0.050478,6,511,118.8648,10123.3213,85.1667,127,21.0182,0.010096,0.022114,1,5,0,6
fe80::4271:f819:8915:590a:54874->fe80::f8d3:f0ff:febe:3364:53_TCP,fe80::4271:f819:8915:590a,fe80::f8d3:f0ff:febe:3364,54874,53,1788059845.775223,1788059845.828924,TCP,0.053701,6,511,111.7304,9515.7072,85.1667,127,21.0182,0.01074,0.023373,1,5,0,6
fe80::f8d3:f0ff:febe:3364:53->fe80::4271:f819:8915:590a:57256_TCP,fe80::f8d3:f0ff:febe:3364,fe80::4271:f819:8915:590a,53,57256,1788059845.775541,1788059845.821542,TCP,0.046001,5,494,108.6928,10738.8512,98.8,186,49.0224,0.0115,0.022051,1,5,0,6
fe80::f8d3:f0ff:febe:3364:53->fe80::4271:f819:8915:590a:60054_TCP,fe80::f8d3:f0ff:febe:3364,fe80::4271:f819:8915:590a,53,60054,1788059845.775638,1788059845.826245,TCP,0.050608,5,549,98.7992,10848.1556,109.8,241,73.5269,0.012652,0.024372,1,5,0,6
fe80::f8d3:f0ff:febe:3364:53->fe80::4271:f819:8915:590a:54874_TCP,fe80::f8d3:f0ff:febe:3364,fe80::4271:f819:8915:590a,53,54874,1788059845.776089,1788059845.829168,TCP,0.053079,5,533,94.1994,10041.6569,106.6,225,66.3913,0.01327,0.025978,1,5,0,6
2409:40c4:2024:5958:51ff:38d8:7ac5:9d74:59558->2404:6800:4013:804::66:443_UDP,2409:40c4:2024:5958:51ff:38d8:7ac5:9d74,2404:6800:4013:804::66,59558,443,1788059845.829529,1788059846.425155,UDP,0.595626,17,8628,28.5414,14485.5972,507.5294,1292,540.0462,0.037227,0.054361,0,0,0,17
2404:6800:4013:804::66:443->2409:40c4:2024:5958:51ff:38d8:7ac5:9d74:59558_UDP,2404:6800:4013:804::66,2409:40c4:2024:5958:51ff:38d8:7ac5:9d74,443,59558,1788059845.898113,1788059846.499148,UDP,0.601035,17,9481,28.2845,15774.4526,557.7059,1292,545.9978,0.037565,0.054938,0,0,0,17
2409:40c4:2024:5958:51ff:38d8:7ac5:9d74:54169->2404:6800:4003:c1a::77:443_UDP,2409:40c4:2024:5958:51ff:38d8:7ac5:9d74,2404:6800:4003:c1a::77,54169,443,1788059846.145099,1788059869.289736,UDP,23.144637,341,42193,14.7334,1823.0141,123.7331,1292,108.0327,0.068072,0.460476,0,0,0,17
2404:6800:4003:c1a::77:443->2409:40c4:2024:5958:51ff:38d8:7ac5:9d74:54169_UDP,2404:6800:4003:c1a::77,2409:40c4:2024:5958:51ff:38d8:7ac5:9d74,443,54169,1788059846.266968,1788059869.265308,UDP,22.99834,1542,1914170,67.0483,83230.791,1241.3554,1292,221.542,0.014924,0.21826,0,0,0,17
2409:40c4:2024:5958:51ff:38d8:7ac5:9d74:53930->2001:4860:4827:400:::443_UDP,2409:40c4:2024:5958:51ff:38d8:7ac5:9d74,2001:4860:4827:400::,53930,443,1788059846.455877,1788059868.972956,UDP,22.517078,170,73057,7.5498,3244.5151,429.7471,1292,507.0529,0.133237,0.513458,0,0,0,17
2001:4860:4827:400:::443->2409:40c4:2024:5958:51ff:38d8:7ac5:9d74:53930_UDP,2001:4860:4827:400::,2409:40c4:2024:5958:51ff:38d8:7ac5:9d74,443,53930,1788059846.502648,1788059869.025036,UDP,22.522388,344,345285,15.2737,15330.7454,1003.7355,1292,492.5688,0.065663,0.368646,0,0,0,17
fe80::4271:f819:8915:590a:62680->fe80::f8d3:f0ff:febe:3364:53_TCP,fe80::4271:f819:8915:590a,fe80::f8d3:f0ff:febe:3364,62680,53,1788059847.718651,1788059847.748835,TCP,0.030183,6,510,198.7853,16896.7522,85.0,126,20.6204,0.006037,0.013116,1,5,0,6
fe80::4271:f819:8915:590a:60609->fe80::f8d3:f0ff:febe:3364:53_TCP,fe80::4271:f819:8915:590a,fe80::f8d3:f0ff:febe:3364,60609,53,1788059847.718806,1788059847.754459,TCP,0.035653,6,510,168.2871,14304.4051,85.0,126,20.6204,0.007131,0.015625,1,5,0,6
fe80::4271:f819:8915:590a:64137->fe80::f8d3:f0ff:febe:3364:53_TCP,fe80::4271:f819:8915:590a,fe80::f8d3:f0ff:febe:3364,64137,53,1788059847.718936,1788059847.723342,TCP,0.004406,6,510,1361.787,115751.8961,85.0,126,20.6204,0.000881,0.001464,1,5,0,6
fe80::f8d3:f0ff:febe:3364:53->fe80::4271:f819:8915:590a:62680_TCP,fe80::f8d3:f0ff:febe:3364,fe80::4271:f819:8915:590a,53,62680,1788059847.719113,1788059847.749002,TCP,0.029888,5,524,167.289,17531.8903,104.8,216,62.3795,0.007472,0.014281,1,5,0,6
fe80::f8d3:f0ff:febe:3364:53->fe80::4271:f819:8915:590a:60609_TCP,fe80::f8d3:f0ff:febe:3364,fe80::4271:f819:8915:590a,53,60609,1788059847.719222,1788059847.754714,TCP,0.035492,5,495,140.8751,13946.6398,99.0,187,49.4672,0.008873,0.017119,1,5,0,6
fe80::f8d3:f0ff:febe:3364:53->fe80::4271:f819:8915:590a:64137_TCP,fe80::f8d3:f0ff:febe:3364,fe80::4271:f819:8915:590a,53,64137,1788059847.719728,1788059847.723540,TCP,0.003812,5,524,1311.6217,137457.9583,104.8,216,62.3795,0.000953,0.001424,1,5,0,6
2409:40c4:2024:5958:51ff:38d8:7ac5:9d74:49668->2405:200:1630:b63::d:443_UDP,2409:40c4:2024:5958:51ff:38d8:7ac5:9d74,2405:200:1630:b63::d,49668,443,1788059847.755103,1788059853.895694,UDP,6.140591,1378,170503,224.4084,27766.5439,123.7322,1292,140.9495,0.004459,0.023702,0,0,0,17
2405:200:1630:b63::d:443->2409:40c4:2024:5958:51ff:38d8:7ac5:9d74:49668_UDP,2405:200:1630:b63::d,2409:40c4:2024:5958:51ff:38d8:7ac5:9d74,443,49668,1788059847.814071,1788059853.943935,UDP,6.129864,5972,7594279,974.2468,1238898.5014,1271.6475,1292,146.9642,0.001027,0.011404,0,0,0,17
fe80::4271:f819:8915:590a:64694->fe80::f8d3:f0ff:febe:3364:53_TCP,fe80::4271:f819:8915:590a,fe80::f8d3:f0ff:febe:3364,64694,53,1788059849.214227,1788059849.249223,TCP,0.034996,6,507,171.4468,14487.2577,84.5,123,19.4294,0.006999,0.015081,1,5,0,6
fe80::4271:f819:8915:590a:51289->fe80::f8d3:f0ff:febe:3364:53_TCP,fe80::4271:f819:8915:590a,fe80::f8d3:f0ff:febe:3364,51289,53,1788059849.214438,1788059849.218433,TCP,0.003994,6,507,1502.0785,126925.6373,84.5,123,19.4294,0.000799,0.001364,1,5,0,6
fe80::4271:f819:8915:590a:59286->fe80::f8d3:f0ff:febe:3364:53_TCP,fe80::4271:f819:8915:590a,fe80::f8d3:f0ff:febe:3364,59286,53,1788059849.214535,1788059849.254483,TCP,0.039948,6,507,150.1971,12691.6547,84.5,123,19.4294,0.00799,0.017142,1,5,0,6
fe80::f8d3:f0ff:febe:3364:53->fe80::4271:f819:8915:590a:64694_TCP,fe80::f8d3:f0ff:febe:3364,fe80::4271:f819:8915:590a,53,64694,1788059849.214903,1788059849.249892,TCP,0.03499,5,483,142.8996,13804.1036,96.6,175,44.1339,0.008747,0.016525,1,5,0,6
fe80::f8d3:f0ff:febe:3364:53->fe80::4271:f819:8915:590a:51289_TCP,fe80::f8d3:f0ff:febe:3364,fe80::4271:f819:8915:590a,53,51289,1788059849.215025,1788059849.218658,TCP,0.003633,5,461,1376.1743,126883.2695,92.2,153,34.3831,0.000908,0.001241,1,5,0,6
fe80::f8d3:f0ff:febe:3364:53->fe80::4271:f819:8915:590a:59286_TCP,fe80::f8d3:f0ff:febe:3364,fe80::4271:f819:8915:590a,53,59286,1788059849.215488,1788059849.254724,TCP,0.039236,6,523,152.9205,13329.5719,87.1667,141,26.8061,0.007847,0.017018,1,6,0,6
2409:40c4:2024:5958:51ff:38d8:7ac5:9d74:65231->2404:6800:4013:813::5f:443_UDP,2409:40c4:2024:5958:51ff:38d8:7ac5:9d74,2404:6800:4013:813::5f,65231,443,1788059849.255052,1788059849.568061,UDP,0.313009,11,5243,35.1428,16750.3286,476.6364,1292,543.3648,0.031301,0.061009,0,0,0,17
2404:6800:4013:813::5f:443->2409:40c4:2024:5958:51ff:38d8:7ac5:9d74:65231_UDP,2404:6800:4013:813::5f,2409:40c4:2024:5958:51ff:38d8:7ac5:9d74,443,65231,1788059849.308277,1788059849.650125,UDP,0.341848,14,6384,40.9539,18674.9723,456.0,1292,510.3659,0.026296,0.055674,0,0,0,17
2409:40c4:2024:5958:51ff:38d8:7ac5:9d74:49683->2404:6800:4013:813::5f:443_UDP,2409:40c4:2024:5958:51ff:38d8:7ac5:9d74,2404:6800:4013:813::5f,49683,443,1788059849.566380,1788059890.633130,UDP,41.06675,25,11444,0.6088,278.6683,457.76,1292,508.3219,1.711115,4.204045,0,0,0,17
2404:6800:4013:813::5f:443->2409:40c4:2024:5958:51ff:38d8:7ac5:9d74:49683_UDP,2404:6800:4013:813::5f,2409:40c4:2024:5958:51ff:38d8:7ac5:9d74,443,49683,1788059849.625361,1788059890.726292,UDP,41.100931,25,9248,0.6083,225.0071,369.92,1292,442.7277,1.712539,4.215497,0,0,0,17
fe80::4271:f819:8915:590a:52216->fe80::f8d3:f0ff:febe:3364:53_TCP,fe80::4271:f819:8915:590a,fe80::f8d3:f0ff:febe:3364,52216,53,1788059851.765733,1788059852.001049,TCP,0.235316,6,489,25.4976,2078.0564,81.5,105,12.4218,0.047063,0.103041,1,5,0,6
fe80::4271:f819:8915:590a:59162->fe80::f8d3:f0ff:febe:3364:53_TCP,fe80::4271:f819:8915:590a,fe80::f8d3:f0ff:febe:3364,59162,53,1788059851.765911,1788059851.770794,TCP,0.004883,6,489,1228.68,100137.421,81.5,105,12.4218,0.000977,0.001756,1,5,0,6
fe80::4271:f819:8915:590a:62602->fe80::f8d3:f0ff:febe:3364:53_TCP,fe80::4271:f819:8915:590a,fe80::f8d3:f0ff:febe:3364,62602,53,1788059851.766067,1788059851.770904,TCP,0.004836,6,489,1240.6125,101109.9165,81.5,105,12.4218,0.000967,0.0016,1,5,0,6
fe80::f8d3:f0ff:febe:3364:53->fe80::4271:f819:8915:590a:52216_TCP,fe80::f8d3:f0ff:febe:3364,fe80::4271:f819:8915:590a,53,52216,1788059851.766234,1788059852.000910,TCP,0.234676,6,546,25.5672,2326.6132,91.0,164,36.0832,0.046935,0.102874,1,6,0,6
fe80::f8d3:f0ff:febe:3364:53->fe80::4271:f819:8915:590a:59162_TCP,fe80::f8d3:f0ff:febe:3364,fe80::4271:f819:8915:590a,53,59162,1788059851.766423,1788059851.771087,TCP,0.004663,5,527,1072.2184,113011.8211,105.4,219,63.7166,0.001166,0.001135,1,5,0,6
fe80::f8d3:f0ff:febe:3364:53->fe80::4271:f819:8915:590a:62602_TCP,fe80::f8d3:f0ff:febe:3364,fe80::4271:f819:8915:590a,53,62602,1788059851.766854,1788059851.771137,TCP,0.004283,6,649,1400.7472,151514.1543,108.1667,267,77.96,0.000857,0.001049,1,6,0,6
2409:40c4:2024:5958:51ff:38d8:7ac5:9d74:58707->2404:6800:4003:c03::84:443_UDP,2409:40c4:2024:5958:51ff:38d8:7ac5:9d74,2404:6800:4003:c03::84,58707,443,1788059851.772872,1788059868.861530,UDP,17.088658,119,20282,6.9637,1186.8691,170.437,1292,199.4613,0.144819,1.002834,0,0,0,17
2404:6800:4003:c03::84:443->2409:40c4:2024:5958:51ff:38d8:7ac5:9d74:58707_UDP,2404:6800:4003:c03::84,2409:40c4:2024:5958:51ff:38d8:7ac5:9d74,443,58707,1788059851.877721,1788059868.988487,UDP,17.110766,197,194095,11.5132,11343.4433,985.2538,1292,477.2868,0.0873,0.793632,0,0,0,17
fe80::4271:f819:8915:590a:61446->fe80::f8d3:f0ff:febe:3364:53_TCP,fe80::4271:f819:8915:590a,fe80::f8d3:f0ff:febe:3364,61446,53,1788059852.191897,1788059852.196029,TCP,0.004133,6,495,1451.9024,119781.9466,82.5,111,14.7207,0.000827,0.001245,1,5,0,6
fe80::4271:f819:8915:590a:50302->fe80::f8d3:f0ff:febe:3364:53_TCP,fe80::4271:f819:8915:590a,fe80::f8d3:f0ff:febe:3364,50302,53,1788059852.192054,1788059852.196244,TCP,0.00419,6,495,1431.9918,118139.324,82.5,111,14.7207,0.000838,0.001282,1,5,0,6
fe80::4271:f819:8915:590a:52109->fe80::f8d3:f0ff:febe:3364:53_TCP,fe80::4271:f819:8915:590a,fe80::f8d3:f0ff:febe:3364,52109,53,1788059852.192173,1788059852.196385,TCP,0.004212,6,495,1424.5344,117524.0847,82.5,111,14.7207,0.000842,0.000981,1,5,0,6
fe80::f8d3:f0ff:febe:3364:53->fe80::4271:f819:8915:590a:61446_TCP,fe80::f8d3:f0ff:febe:3364,fe80::4271:f819:8915:590a,53,61446,1788059852.192444,1788059852.196305,TCP,0.00386,6,545,1554.2134,141174.3874,90.8333,163,35.6787,0.000772,0.000911,1,6,0,6
fe80::f8d3:f0ff:febe:3364:53->fe80::4271:f819:8915:590a:50302_TCP,fe80::f8d3:f0ff:febe:3364,fe80::4271:f819:8915:590a,53,50302,1788059852.192595,1788059852.196420,TCP,0.003825,6,523,1568.746,136742.3633,87.1667,141,26.8061,0.000765,0.000895,1,6,0,6
fe80::f8d3:f0ff:febe:3364:53->fe80::4271:f819:8915:590a:52109_TCP,fe80::f8d3:f0ff:febe:3364,fe80::4271:f819:8915:590a,53,52109,1788059852.192736,1788059852.196538,TCP,0.003802,6,511,1577.9925,134392.3592,85.1667,129,22.0038,0.00076,0.000834,1,6,0,6
2409:40c4:2024:5958:51ff:38d8:7ac5:9d74:53414->2a03:2880:f311:c0:face:b00c:0:43fe:443_UDP,2409:40c4:2024:5958:51ff:38d8:7ac5:9d74,2a03:2880:f311:c0:face:b00c:0:43fe,53414,443,1788059852.193292,1788059852.308346,UDP,0.115054,9,3774,78.224,32801.9514,419.3333,1292,512.4298,0.014382,0.022629,0,0,0,17
2409:40c4:2024:5958:51ff:38d8:7ac5:9d74:63539->2404:6800:4013:813::54:443_UDP,2409:40c4:2024:5958:51ff:38d8:7ac5:9d74,2404:6800:4013:813::54,63539,443,1788059852.197416,1788059852.445674,UDP,0.248258,15,9998,60.4211,40272.6785,666.5333,1292,605.4417,0.017733,0.031603,0,0,0,17
2404:6800:4013:813::54:443->2409:40c4:2024:5958:51ff:38d8:7ac5:9d74:63539_UDP,2404:6800:4013:813::54,2409:40c4:2024:5958:51ff:38d8:7ac5:9d74,443,63539,1788059852.257154,1788059852.487018,UDP,0.229865,17,6649,73.9566,28925.7244,391.1176,1292,484.5881,0.014367,0.029579,0,0,0,17
2a03:2880:f311:c0:face:b00c:0:43fe:443->2409:40c4:2024:5958:51ff:38d8:7ac5:9d74:53414_UDP,2a03:2880:f311:c0:face:b00c:0:43fe,2409:40c4:2024:5958:51ff:38d8:7ac5:9d74,443,53414,1788059852.257244,1788059852.334471,UDP,0.077226,12,5290,155.3878,68500.1024,440.8333,1294,466.9384,0.007021,0.015484,0,0,0,17
fe80::4271:f819:8915:590a:56311->fe80::f8d3:f0ff:febe:3364:53_TCP,fe80::4271:f819:8915:590a,fe80::f8d3:f0ff:febe:3364,56311,53,1788059853.939075,1788059853.988570,TCP,0.049495,6,510,121.225,10304.1245,85.0,126,20.6204,0.009899,0.021719,1,5,0,6
fe80::4271:f819:8915:590a:50889->fe80::f8d3:f0ff:febe:3364:53_TCP,fe80::4271:f819:8915:590a,fe80::f8d3:f0ff:febe:3364,50889,53,1788059853.939256,1788059853.943488,TCP,0.004232,6,510,1417.8728,120519.1864,85.0,126,20.6204,0.000846,0.00164,1,5,0,6
fe80::f8d3:f0ff:febe:3364:53->fe80::4271:f819:8915:590a:56311_TCP,fe80::f8d3:f0ff:febe:3364,fe80::4271:f819:8915:590a,53,56311,1788059853.939538,1788059853.988786,TCP,0.049248,5,495,101.526,10051.0763,99.0,187,49.4672,0.012312,0.023837,1,5,0,6
fe80::f8d3:f0ff:febe:3364:53->fe80::4271:f819:8915:590a:50889_TCP,fe80::f8d3:f0ff:febe:3364,fe80::4271:f819:8915:590a,53,50889,1788059853.939545,1788059853.943779,TCP,0.004235,5,483,1180.7623,114061.6425,96.6,175,44.1339,0.001059,0.001318,1,5,0,6
2409:40c4:2024:5958:51ff:38d8:7ac5:9d74:54323->2405:200:1602:1703::f:443_UDP,2409:40c4:2024:5958:51ff:38d8:7ac5:9d74,2405:200:1602:1703::f,54323,443,1788059853.989420,1788059865.526438,UDP,11.537018,566,71609,49.0595,6206.89,126.5177,1292,180.3926,0.02042,0.330531,0,0,0,17
2405:200:1602:1703::f:443->2409:40c4:2024:5958:51ff:38d8:7ac5:9d74:54323_UDP,2405:200:1602:1703::f,2409:40c4:2024:5958:51ff:38d8:7ac5:9d74,443,54323,1788059854.047742,1788059865.578238,UDP,11.530496,2839,3570701,246.2166,309674.5457,1257.7319,1292,194.8249,0.004063,0.148466,0,0,0,17
172.20.10.6:64224->239.255.255.250:1900_UDP,172.20.10.6,239.255.255.250,64224,1900,1788059857.377692,1788059860.382878,UDP,3.005186,4,848,1.331,282.1789,212.0,212,0.0,1.001729,0.001023,0,0,0,17
fe80::4271:f819:8915:590a:65090->fe80::f8d3:f0ff:febe:3364:53_UDP,fe80::4271:f819:8915:590a,fe80::f8d3:f0ff:febe:3364,65090,53,1788059857.969171,1788059888.082676,UDP,30.113505,9,899,0.2989,29.8537,99.8889,112,6.353,3.764188,5.980558,0,0,0,17
fe80::f8d3:f0ff:febe:3364:53->fe80::4271:f819:8915:590a:65090_UDP,fe80::f8d3:f0ff:febe:3364,fe80::4271:f819:8915:590a,53,65090,1788059858.017755,1788059888.125668,UDP,30.107913,9,1979,0.2989,65.7302,219.8889,341,68.7776,3.763489,5.983472,0,0,0,17
172.20.10.6:60290->172.20.10.1:53_UDP,172.20.10.6,172.20.10.1,60290,53,1788059858.031756,1788059858.031756,UDP,0.0,1,83,0.0,0.0,83.0,83,0.0,0.0,0.0,0,0,0,17
172.20.10.1:53->172.20.10.6:60290_UDP,172.20.10.1,172.20.10.6,53,60290,1788059858.049000,1788059858.049000,UDP,0.0,1,297,0.0,0.0,297.0,297,0.0,0.0,0.0,0,0,0,17
2409:40c4:2024:5958:51ff:38d8:7ac5:9d74:55166->2405:200:160b:1731::312c:c6b0:80_TCP,2409:40c4:2024:5958:51ff:38d8:7ac5:9d74,2405:200:160b:1731::312c:c6b0,55166,80,1788059858.051800,1788059858.176225,TCP,0.124425,4,590,32.148,4741.8239,147.5,356,139.1151,0.041475,0.055066,1,3,0,6
2405:200:160b:1731::312c:c6b0:80->2409:40c4:2024:5958:51ff:38d8:7ac5:9d74:55166_TCP,2405:200:160b:1731::312c:c6b0,2409:40c4:2024:5958:51ff:38d8:7ac5:9d74,80,55166,1788059858.072093,1788059858.121653,TCP,0.04956,2,428,40.3551,8635.9846,214.0,342,181.0193,0.04956,0.0,1,2,0,6
fe80::4271:f819:8915:590a:64879->fe80::f8d3:f0ff:febe:3364:53_UDP,fe80::4271:f819:8915:590a,fe80::f8d3:f0ff:febe:3364,64879,53,1788059858.129722,1788059888.082541,UDP,29.95282,8,788,0.2671,26.308,98.5,112,8.4684,4.278974,7.112872,0,0,0,17
fe80::f8d3:f0ff:febe:3364:53->fe80::4271:f819:8915:590a:64879_UDP,fe80::f8d3:f0ff:febe:3364,fe80::4271:f819:8915:590a,53,64879,1788059858.173964,1788059888.121927,UDP,29.947963,8,1409,0.2671,47.0483,176.125,269,43.3472,4.27828,7.111831,0,0,0,17
2409:40c4:2024:5958:51ff:38d8:7ac5:9d74:55167->2404:6800:4013:813::5e:80_TCP,2409:40c4:2024:5958:51ff:38d8:7ac5:9d74,2404:6800:4013:813::5e,55167,80,1788059858.174486,1788059858.360121,TCP,0.185635,4,508,21.5477,2736.5551,127.0,274,98.1631,0.061878,0.064227,1,3,0,6
2404:6800:4013:813::5e:80->2409:40c4:2024:5958:51ff:38d8:7ac5:9d74:55167_TCP,2404:6800:4013:813::5e,2409:40c4:2024:5958:51ff:38d8:7ac5:9d74,80,55167,1788059858.231650,1788059858.305525,TCP,0.073875,3,457,40.609,6186.1094,152.3333,297,125.4286,0.036938,0.052215,1,3,0,6
2409:40c4:2024:5958:51ff:38d8:7ac5:9d74:49900->2404:6800:4002:817::200e:443_UDP,2409:40c4:2024:5958:51ff:38d8:7ac5:9d74,2404:6800:4002:817::200e,49900,443,1788059864.772455,1788059865.053099,UDP,0.280644,13,8155,46.322,29058.1724,627.3077,1292,578.9572,0.023387,0.044801,0,0,0,17
2404:6800:4002:817::200e:443->2409:40c4:2024:5958:51ff:38d8:7ac5:9d74:49900_UDP,2404:6800:4002:817::200e,2409:40c4:2024:5958:51ff:38d8:7ac5:9d74,443,49900,1788059864.852850,1788059865.135716,UDP,0.282867,19,8266,67.1694,29222.2433,435.0526,1292,502.9215,0.015715,0.036346,0,0,0,17
172.20.10.1:5353->224.0.0.251:5353_UDP,172.20.10.1,224.0.0.251,5353,5353,1788059869.448931,1788059873.458714,UDP,4.009783,3,330,0.7482,82.2987,110.0,110,0.0,2.004892,1.417239,0,0,0,17
fe80::f8d3:f0ff:febe:3364:5353->ff02::fb:5353_UDP,fe80::f8d3:f0ff:febe:3364,ff02::fb,5353,5353,1788059869.449176,1788059873.459000,UDP,4.009824,3,390,0.7482,97.2611,130.0,130,0.0,2.004912,1.41741,0,0,0,17
fe80::4271:f819:8915:590a:50447->fe80::f8d3:f0ff:febe:3364:53_TCP,fe80::4271:f819:8915:590a,fe80::f8d3:f0ff:febe:3364,50447,53,1788059869.643876,1788059869.737791,TCP,0.093915,6,490,63.8872,5217.4582,81.6667,106,12.801,0.018783,0.033386,1,5,1,6
fe80::4271:f819:8915:590a:58221->fe80::f8d3:f0ff:febe:3364:53_TCP,fe80::4271:f819:8915:590a,fe80::f8d3:f0ff:febe:3364,58221,53,1788059869.644121,1788059869.705381,TCP,0.061261,6,490,97.9421,7998.6027,81.6667,106,12.801,0.012252,0.026243,1,5,0,6
fe80::4271:f819:8915:590a:54750->fe80::f8d3:f0ff:febe:3364:53_TCP,fe80::4271:f819:8915:590a,fe80::f8d3:f0ff:febe:3364,54750,53,1788059869.644278,1788059869.705286,TCP,0.061009,6,490,98.3466,8031.6425,81.6667,106,12.801,0.012202,0.026163,1,5,0,6
fe80::f8d3:f0ff:febe:3364:53->fe80::4271:f819:8915:590a:50447_TCP,fe80::f8d3:f0ff:febe:3364,fe80::4271:f819:8915:590a,53,50447,1788059869.644586,1788059869.737695,TCP,0.093109,6,583,64.4407,6261.4857,97.1667,201,51.0937,0.018622,0.033096,1,6,0,6
fe80::f8d3:f0ff:febe:3364:53->fe80::4271:f819:8915:590a:58221_TCP,fe80::f8d3:f0ff:febe:3364,fe80::4271:f819:8915:590a,53,58221,1788059869.644763,1788059869.705699,TCP,0.060936,6,581,98.4636,9534.5604,96.8333,199,50.2809,0.012187,0.025819,1,6,0,6
fe80::f8d3:f0ff:febe:3364:53->fe80::4271:f819:8915:590a:54750_TCP,fe80::f8d3:f0ff:febe:3364,fe80::4271:f819:8915:590a,53,54750,1788059869.644918,1788059869.705548,TCP,0.060631,6,557,98.96,9186.7863,92.8333,175,40.5385,0.012126,0.025691,1,6,0,6
fe80::4271:f819:8915:590a:63840->fe80::f8d3:f0ff:febe:3364:53_TCP,fe80::4271:f819:8915:590a,fe80::f8d3:f0ff:febe:3364,63840,53,1788059869.645201,1788059869.650623,TCP,0.005422,6,490,1106.6279,90374.608,81.6667,106,12.801,0.001084,0.002112,1,5,0,6
fe80::4271:f819:8915:590a:55120->fe80::f8d3:f0ff:febe:3364:53_TCP,fe80::4271:f819:8915:590a,fe80::f8d3:f0ff:febe:3364,55120,53,1788059869.645301,1788059869.650777,TCP,0.005476,6,490,1095.643,89477.5114,81.6667,106,12.801,0.001095,0.001785,1,5,0,6
fe80::4271:f819:8915:590a:55592->fe80::f8d3:f0ff:febe:3364:53_TCP,fe80::4271:f819:8915:590a,fe80::f8d3:f0ff:febe:3364,55592,53,1788059869.645397,1788059869.703600,TCP,0.058203,6,490,103.0871,8418.7782,81.6667,106,12.801,0.011641,0.025314,1,5,0,6
fe80::f8d3:f0ff:febe:3364:53->fe80::4271:f819:8915:590a:63840_TCP,fe80::f8d3:f0ff:febe:3364,fe80::4271:f819:8915:590a,53,63840,1788059869.645598,1788059869.650862,TCP,0.005265,5,441,949.7111,83764.517,88.2,133,25.5773,0.001316,0.001681,1,5,0,6
fe80::f8d3:f0ff:febe:3364:53->fe80::4271:f819:8915:590a:55120_TCP,fe80::f8d3:f0ff:febe:3364,fe80::4271:f819:8915:590a,53,55120,1788059869.646202,1788059869.651006,TCP,0.004804,5,640,1040.7186,133211.9776,128.0,332,114.1578,0.001201,0.00157,1,5,0,6
fe80::f8d3:f0ff:febe:3364:53->fe80::4271:f819:8915:590a:55592_TCP,fe80::f8d3:f0ff:febe:3364,fe80::4271:f819:8915:590a,53,55592,1788059869.646314,1788059869.703886,TCP,0.057572,5,544,86.8476,9449.017,108.8,236,71.2966,0.014393,0.027884,1,5,0,6
2409:40c4:2024:5958:51ff:38d8:7ac5:9d74:51821->2001:4860:4828:7700:::443_UDP,2409:40c4:2024:5958:51ff:38d8:7ac5:9d74,2001:4860:4828:7700::,51821,443,1788059869.704901,1788059871.226658,UDP,1.521757,25,15033,16.4284,9878.7118,601.32,1292,539.213,0.063407,0.123375,0,0,0,17
2409:40c4:2024:5958:51ff:38d8:7ac5:9d74:62878->64:ff9b::a752:398c:443_TCP,2409:40c4:2024:5958:51ff:38d8:7ac5:9d74,64:ff9b::a752:398c,62878,443,1788059869.723428,1788059883.604103,TCP,13.880676,414,297838,29.8256,21457.0245,719.4155,1314,587.5973,0.033609,0.123295,1,413,0,6
64:ff9b::a752:398c:443->2409:40c4:2024:5958:51ff:38d8:7ac5:9d74:62878_TCP,64:ff9b::a752:398c,2409:40c4:2024:5958:51ff:38d8:7ac5:9d74,443,62878,1788059869.753434,1788059883.633652,TCP,13.880218,458,375506,32.9966,27053.3214,819.8821,1294,567.5106,0.030372,0.121173,1,458,0,6
2001:4860:4828:7700:::443->2409:40c4:2024:5958:51ff:38d8:7ac5:9d74:51821_UDP,2001:4860:4828:7700::,2409:40c4:2024:5958:51ff:38d8:7ac5:9d74,443,51821,1788059869.757525,1788059871.296773,UDP,1.539248,34,11282,22.0887,7329.5532,331.8235,1292,380.9613,0.046644,0.098998,0,0,0,17
fe80::4271:f819:8915:590a:62136->fe80::f8d3:f0ff:febe:3364:53_TCP,fe80::4271:f819:8915:590a,fe80::f8d3:f0ff:febe:3364,62136,53,1788059870.376467,1788059870.403994,TCP,0.027526,6,496,217.9727,18019.0793,82.6667,112,15.1085,0.005505,0.011934,1,5,0,6
fe80::4271:f819:8915:590a:63703->fe80::f8d3:f0ff:febe:3364:53_TCP,fe80::4271:f819:8915:590a,fe80::f8d3:f0ff:febe:3364,63703,53,1788059870.376604,1788059870.407301,TCP,0.030697,6,496,195.4566,16157.7488,82.6667,112,15.1085,0.006139,0.013344,1,5,0,6
fe80::4271:f819:8915:590a:57583->fe80::f8d3:f0ff:febe:3364:53_TCP,fe80::4271:f819:8915:590a,fe80::f8d3:f0ff:febe:3364,57583,53,1788059870.376717,1788059870.381187,TCP,0.00447,6,496,1342.2489,110959.2396,82.6667,112,15.1085,0.000894,0.001494,1,5,0,6
fe80::f8d3:f0ff:febe:3364:53->fe80::4271:f819:8915:590a:62136_TCP,fe80::f8d3:f0ff:febe:3364,fe80::4271:f819:8915:590a,53,62136,1788059870.376898,1788059870.404091,TCP,0.027193,5,525,183.8688,19306.2206,105.0,217,62.8252,0.006798,0.012975,1,5,0,6
fe80::f8d3:f0ff:febe:3364:53->fe80::4271:f819:8915:590a:63703_TCP,fe80::f8d3:f0ff:febe:3364,fe80::4271:f819:8915:590a,53,63703,1788059870.376985,1788059870.407556,TCP,0.030571,5,523,163.5551,17107.8589,104.6,215,61.9338,0.007643,0.014657,1,5,0,6
fe80::f8d3:f0ff:febe:3364:53->fe80::4271:f819:8915:590a:57583_TCP,fe80::f8d3:f0ff:febe:3364,fe80::4271:f819:8915:590a,53,57583,1788059870.377416,1788059870.381402,TCP,0.003987,5,499,1254.1275,125161.9242,99.8,191,51.2465,0.000997,0.001422,1,5,0,6
2409:40c4:2024:5958:51ff:38d8:7ac5:9d74:61981->2a04:4e42:fe7::396:443_UDP,2409:40c4:2024:5958:51ff:38d8:7ac5:9d74,2a04:4e42:fe7::396,61981,443,1788059870.407936,1788059885.138035,UDP,14.730099,136,28589,9.2328,1940.8559,210.2132,1292,276.3219,0.109112,0.6692,0,0,0,17
2409:40c4:2024:5958:51ff:38d8:7ac5:9d74:60092->2a04:4e42:fe7::396:443_UDP,2409:40c4:2024:5958:51ff:38d8:7ac5:9d74,2a04:4e42:fe7::396,60092,443,1788059870.408245,1788059880.954676,UDP,10.546432,80,19347,7.5855,1834.4594,241.8375,1292,251.5563,0.133499,0.563516,0,0,0,17
fe80::4271:f819:8915:590a:52169->fe80::f8d3:f0ff:febe:3364:53_TCP,fe80::4271:f819:8915:590a,fe80::f8d3:f0ff:febe:3364,52169,53,1788059870.413015,1788059870.417288,TCP,0.004274,6,485,1403.9511,113486.0497,80.8333,101,10.9255,0.000855,0.001558,1,5,0,6
fe80::4271:f819:8915:590a:57338->fe80::f8d3:f0ff:febe:3364:53_TCP,fe80::4271:f819:8915:590a,fe80::f8d3:f0ff:febe:3364,57338,53,1788059870.413237,1788059870.417598,TCP,0.004361,6,485,1375.7831,111209.1319,80.8333,101,10.9255,0.000872,0.001579,1,5,0,6
fe80::4271:f819:8915:590a:56054->fe80::f8d3:f0ff:febe:3364:53_TCP,fe80::4271:f819:8915:590a,fe80::f8d3:f0ff:febe:3364,56054,53,1788059870.413381,1788059870.417739,TCP,0.004358,6,485,1376.8369,111294.3123,80.8333,101,10.9255,0.000872,0.001527,1,5,0,6
fe80::f8d3:f0ff:febe:3364:53->fe80::4271:f819:8915:590a:52169_TCP,fe80::f8d3:f0ff:febe:3364,fe80::4271:f819:8915:590a,53,52169,1788059870.413456,1788059870.417741,TCP,0.004285,5,517,1166.9646,120664.1349,103.4,209,59.2604,0.001071,0.001413,1,5,0,6
fe80::f8d3:f0ff:febe:3364:53->fe80::4271:f819:8915:590a:57338_TCP,fe80::f8d3:f0ff:febe:3364,fe80::4271:f819:8915:590a,53,57338,1788059870.413589,1788059870.417641,TCP,0.004052,5,512,1233.8366,126344.8637,102.4,204,57.0333,0.001013,0.001503,1,5,0,6
fe80::f8d3:f0ff:febe:3364:53->fe80::4271:f819:8915:590a:56054_TCP,fe80::f8d3:f0ff:febe:3364,fe80::4271:f819:8915:590a,53,56054,1788059870.414021,1788059870.418023,TCP,0.004002,6,562,1499.1258,140418.1121,93.6667,180,42.566,0.0008,0.001343,1,6,0,6
2409:40c4:2024:5958:51ff:38d8:7ac5:9d74:62893->2a04:4e42:fe7::396:443_UDP,2409:40c4:2024:5958:51ff:38d8:7ac5:9d74,2a04:4e42:fe7::396,62893,443,1788059870.418514,1788059871.130171,UDP,0.711657,141,21267,198.1291,29883.7763,150.8298,1292,177.3766,0.005083,0.017436,0,0,0,17
2a04:4e42:fe7::396:443->2409:40c4:2024:5958:51ff:38d8:7ac5:9d74:61981_UDP,2a04:4e42:fe7::396,2409:40c4:2024:5958:51ff:38d8:7ac5:9d74,443,61981,1788059870.442000,1788059871.308271,UDP,0.866271,562,722518,648.7575,834055.1459,1285.6192,1342,242.5502,0.001544,0.013276,0,0,0,17
2a04:4e42:fe7::396:443->2409:40c4:2024:5958:51ff:38d8:7ac5:9d74:60092_UDP,2a04:4e42:fe7::396,2409:40c4:2024:5958:51ff:38d8:7ac5:9d74,443,60092,1788059870.444297,1788059880.942684,UDP,10.498387,108,110713,10.2873,10545.7152,1025.1204,1342,495.29,0.098116,0.605952,0,0,0,17
2a04:4e42:fe7::396:443->2409:40c4:2024:5958:51ff:38d8:7ac5:9d74:62893_UDP,2a04:4e42:fe7::396,2409:40c4:2024:5958:51ff:38d8:7ac5:9d74,443,62893,1788059870.463947,1788059871.188888,UDP,0.724942,799,1059422,1102.1575,1461389.1785,1325.9349,1342,133.7838,0.000908,0.009919,0,0,0,17
fe80::4271:f819:8915:590a:58598->fe80::f8d3:f0ff:febe:3364:53_TCP,fe80::4271:f819:8915:590a,fe80::f8d3:f0ff:febe:3364,58598,53,1788059870.594995,1788059870.895285,TCP,0.30029,6,498,19.9807,1658.3989,83.0,114,15.8871,0.060058,0.118568,1,5,0,6
fe80::4271:f819:8915:590a:52021->fe80::f8d3:f0ff:febe:3364:53_TCP,fe80::4271:f819:8915:590a,fe80::f8d3:f0ff:febe:3364,52021,53,1788059870.595138,1788059870.624162,TCP,0.029023,6,498,206.7297,17158.5633,83.0,114,15.8871,0.005805,0.009185,1,5,0,6
fe80::4271:f819:8915:590a:64009->fe80::f8d3:f0ff:febe:3364:53_TCP,fe80::4271:f819:8915:590a,fe80::f8d3:f0ff:febe:3364,64009,53,1788059870.595258,1788059870.624250,TCP,0.028992,6,498,206.9524,17177.048,83.0,114,15.8871,0.005798,0.009176,1,5,0,6
fe80::4271:f819:8915:590a:61126->fe80::f8d3:f0ff:febe:3364:53_TCP,fe80::4271:f819:8915:590a,fe80::f8d3:f0ff:febe:3364,61126,53,1788059870.595556,1788059870.895240,TCP,0.299684,6,500,20.0211,1668.4251,83.3333,116,16.6693,0.059937,0.118252,1,5,0,6
fe80::4271:f819:8915:590a:65213->fe80::f8d3:f0ff:febe:3364:53_TCP,fe80::4271:f819:8915:590a,fe80::f8d3:f0ff:febe:3364,65213,53,1788059870.595680,1788059870.625065,TCP,0.029384,6,500,204.1902,17015.8462,83.3333,116,16.6693,0.005877,0.00898,1,5,0,6
fe80::4271:f819:8915:590a:60912->fe80::f8d3:f0ff:febe:3364:53_TCP,fe80::4271:f819:8915:590a,fe80::f8d3:f0ff:febe:3364,60912,53,1788059870.595806,1788059870.625144,TCP,0.029338,6,500,204.5121,17042.6727,83.3333,116,16.6693,0.005868,0.008911,1,5,0,6
fe80::f8d3:f0ff:febe:3364:53->fe80::4271:f819:8915:590a:58598_TCP,fe80::f8d3:f0ff:febe:3364,fe80::4271:f819:8915:590a,53,58598,1788059870.616148,1788059870.895269,TCP,0.27912,6,601,21.4961,2153.1923,100.1667,219,58.4138,0.055824,0.120448,1,6,0,6
fe80::f8d3:f0ff:febe:3364:53->fe80::4271:f819:8915:590a:52021_TCP,fe80::f8d3:f0ff:febe:3364,fe80::4271:f819:8915:590a,53,52021,1788059870.616158,1788059870.624961,TCP,0.008803,5,525,567.9952,59639.4995,105.0,217,62.8252,0.002201,0.002989,1,5,0,6
fe80::f8d3:f0ff:febe:3364:53->fe80::4271:f819:8915:590a:64009_TCP,fe80::f8d3:f0ff:febe:3364,fe80::4271:f819:8915:590a,53,64009,1788059870.616273,1788059870.624968,TCP,0.008695,5,501,575.0191,57616.9094,100.2,193,52.1364,0.002174,0.00303,1,5,0,6
fe80::f8d3:f0ff:febe:3364:53->fe80::4271:f819:8915:590a:61126_TCP,fe80::f8d3:f0ff:febe:3364,fe80::4271:f819:8915:590a,53,61126,1788059870.616279,1788059870.895214,TCP,0.278935,6,603,21.5104,2161.7925,100.5,221,59.2275,0.055787,0.12014,1,6,0,6
fe80::f8d3:f0ff:febe:3364:53->fe80::4271:f819:8915:590a:65213_TCP,fe80::f8d3:f0ff:febe:3364,fe80::4271:f819:8915:590a,53,65213,1788059870.616291,1788059870.625461,TCP,0.00917,5,527,545.2388,57468.1696,105.4,219,63.7166,0.002293,0.003237,1,5,0,6
fe80::f8d3:f0ff:febe:3364:53->fe80::4271:f819:8915:590a:60912_TCP,fe80::f8d3:f0ff:febe:3364,fe80::4271:f819:8915:590a,53,60912,1788059870.616297,1788059870.625469,TCP,0.009173,5,503,545.0829,54835.3411,100.6,195,53.0264,0.002293,0.003271,1,5,0,6
2409:40c4:2024:5958:51ff:38d8:7ac5:9d74:56431->2a04:4e42:fe7::396:443_UDP,2409:40c4:2024:5958:51ff:38d8:7ac5:9d74,2a04:4e42:fe7::396,56431,443,1788059870.624943,1788059877.213888,UDP,6.588945,64,26484,9.7132,4019.4596,413.8125,1292,301.1579,0.104586,0.236398,0,0,0,17
2409:40c4:2024:5958:51ff:38d8:7ac5:9d74:56790->2a04:4e42:fe7::396:443_UDP,2409:40c4:2024:5958:51ff:38d8:7ac5:9d74,2a04:4e42:fe7::396,56790,443,1788059870.625854,1788059870.790388,UDP,0.164535,17,4751,103.3218,28875.391,279.4706,1292,397.6868,0.010283,0.018945,0,0,0,17
2a04:4e42:fe7::396:443->2409:40c4:2024:5958:51ff:38d8:7ac5:9d74:56431_UDP,2a04:4e42:fe7::396,2409:40c4:2024:5958:51ff:38d8:7ac5:9d74,443,56431,1788059870.654645,1788059895.273060,UDP,24.618414,47,48982,1.9091,1989.6489,1042.1702,1342,455.9362,0.535183,2.052265,0,0,0,17
2a04:4e42:fe7::396:443->2409:40c4:2024:5958:51ff:38d8:7ac5:9d74:56790_UDP,2a04:4e42:fe7::396,2409:40c4:2024:5958:51ff:38d8:7ac5:9d74,443,56790,1788059870.658073,1788059870.763489,UDP,0.105416,22,24677,208.6973,234091.9963,1121.6818,1342,407.4479,0.00502,0.015242,0,0,0,17
fe80::4271:f819:8915:590a:63936->fe80::f8d3:f0ff:febe:3364:53_TCP,fe80::4271:f819:8915:590a,fe80::f8d3:f0ff:febe:3364,63936,53,1788059870.677848,1788059870.685361,TCP,0.007513,6,491,798.6615,65357.1331,81.8333,107,13.1821,0.001503,0.002496,1,5,0,6
fe80::4271:f819:8915:590a:61016->fe80::f8d3:f0ff:febe:3364:53_TCP,fe80::4271:f819:8915:590a,fe80::f8d3:f0ff:febe:3364,61016,53,1788059870.678001,1788059870.685490,TCP,0.00749,6,491,801.1022,65556.862,81.8333,107,13.1821,0.001498,0.002533,1,5,0,6
fe80::4271:f819:8915:590a:53171->fe80::f8d3:f0ff:febe:3364:53_TCP,fe80::4271:f819:8915:590a,fe80::f8d3:f0ff:febe:3364,53171,53,1788059870.678127,1788059870.685616,TCP,0.007489,6,491,801.2042,65565.2106,81.8333,107,13.1821,0.001498,0.002257,1,5,0,6
fe80::f8d3:f0ff:febe:3364:53->fe80::4271:f819:8915:590a:63936_TCP,fe80::f8d3:f0ff:febe:3364,fe80::4271:f819:8915:590a,53,63936,1788059870.678520,1788059870.686102,TCP,0.007582,6,597,791.3781,78742.1223,99.5,215,56.7864,0.001516,0.002157,1,6,0,6
fe80::f8d3:f0ff:febe:3364:53->fe80::4271:f819:8915:590a:61016_TCP,fe80::f8d3:f0ff:febe:3364,fe80::4271:f819:8915:590a,53,61016,1788059870.678599,1788059870.686112,TCP,0.007513,6,592,798.6615,78801.2684,98.6667,210,54.7528,0.001503,0.00217,1,6,0,6
fe80::4271:f819:8915:590a:64709->fe80::f8d3:f0ff:febe:3364:53_TCP,fe80::4271:f819:8915:590a,fe80::f8d3:f0ff:febe:3364,64709,53,1788059870.678904,1788059870.685706,TCP,0.006802,6,497,882.0829,73065.8636,82.8333,113,15.4973,0.00136,0.002355,1,5,0,6
fe80::f8d3:f0ff:febe:3364:53->fe80::4271:f819:8915:590a:53171_TCP,fe80::f8d3:f0ff:febe:3364,fe80::4271:f819:8915:590a,53,53171,1788059870.678981,1788059870.686127,TCP,0.007146,6,568,839.6725,79488.9951,94.6667,186,45.0007,0.001429,0.001956,1,6,0,6
fe80::4271:f819:8915:590a:57823->fe80::f8d3:f0ff:febe:3364:53_TCP,fe80::4271:f819:8915:590a,fe80::f8d3:f0ff:febe:3364,57823,53,1788059870.679053,1788059870.685805,TCP,0.006752,6,497,888.6865,73612.8642,82.8333,113,15.4973,0.00135,0.002097,1,5,0,6
fe80::4271:f819:8915:590a:55459->fe80::f8d3:f0ff:febe:3364:53_TCP,fe80::4271:f819:8915:590a,fe80::f8d3:f0ff:febe:3364,55459,53,1788059870.679216,1788059870.686442,TCP,0.007226,6,497,830.3086,68777.2308,82.8333,113,15.4973,0.001445,0.002292,1,5,0,6
fe80::f8d3:f0ff:febe:3364:53->fe80::4271:f819:8915:590a:64709_TCP,fe80::f8d3:f0ff:febe:3364,fe80::4271:f819:8915:590a,53,64709,1788059870.679731,1788059870.686133,TCP,0.006402,6,600,937.135,93713.5026,100.0,218,58.0069,0.00128,0.002081,1,6,0,6
fe80::f8d3:f0ff:febe:3364:53->fe80::4271:f819:8915:590a:57823_TCP,fe80::f8d3:f0ff:febe:3364,fe80::4271:f819:8915:590a,53,57823,1788059870.679810,1788059870.686140,TCP,0.00633,6,598,947.901,94474.1343,99.6667,216,57.1932,0.001266,0.001919,1,6,0,6
fe80::f8d3:f0ff:febe:3364:53->fe80::4271:f819:8915:590a:55459_TCP,fe80::f8d3:f0ff:febe:3364,fe80::4271:f819:8915:590a,53,55459,1788059870.679817,1788059870.686592,TCP,0.006775,6,574,885.5905,84721.487,95.6667,192,47.437,0.001355,0.002183,1,6,0,6
2409:40c4:2024:5958:51ff:38d8:7ac5:9d74:62771->2a04:4e42:fe7::396:443_TCP,2409:40c4:2024:5958:51ff:38d8:7ac5:9d74,2a04:4e42:fe7::396,62771,443,1788059870.686821,1788059882.664699,TCP,11.977877,550,52718,45.918,4401.2807,95.8509,1314,76.2393,0.021818,0.196949,1,549,0,6
2409:40c4:2024:5958:51ff:38d8:7ac5:9d74:54427->2a04:4e42:fe7::396:443_TCP,2409:40c4:2024:5958:51ff:38d8:7ac5:9d74,2a04:4e42:fe7::396,54427,443,1788059870.686993,1788059870.759389,TCP,0.072396,6,2259,82.8772,31203.2614,376.5,1314,511.0138,0.014479,0.017002,1,5,1,6
2409:40c4:2024:5958:51ff:38d8:7ac5:9d74:64106->2a04:4e42:fe7::396:443_TCP,2409:40c4:2024:5958:51ff:38d8:7ac5:9d74,2a04:4e42:fe7::396,64106,443,1788059870.687145,1788059870.759050,TCP,0.071905,6,2259,83.4436,31416.497,376.5,1314,511.0138,0.014381,0.017294,1,5,1,6
2a04:4e42:fe7::396:443->2409:40c4:2024:5958:51ff:38d8:7ac5:9d74:62771_TCP,2a04:4e42:fe7::396,2409:40c4:2024:5958:51ff:38d8:7ac5:9d74,443,62771,1788059870.708241,1788059882.664683,TCP,11.956443,1032,1220560,86.3133,102083.8737,1182.7132,1314,367.5352,0.011597,0.147257,1,1032,0,6
2a04:4e42:fe7::396:443->2409:40c4:2024:5958:51ff:38d8:7ac5:9d74:64106_TCP,2a04:4e42:fe7::396,2409:40c4:2024:5958:51ff:38d8:7ac5:9d74,443,64106,1788059870.710081,1788059886.643757,TCP,15.933676,17,14074,1.0669,883.2864,827.8824,1314,605.1531,0.995855,2.171203,1,17,0,6
2a04:4e42:fe7::396:443->2409:40c4:2024:5958:51ff:38d8:7ac5:9d74:54427_TCP,2a04:4e42:fe7::396,2409:40c4:2024:5958:51ff:38d8:7ac5:9d74,443,54427,1788059870.710191,1788059886.229869,TCP,15.519679,17,14074,1.0954,906.8487,827.8824,1314,605.1531,0.96998,2.086771,1,17,0,6
fe80::4271:f819:8915:590a:52162->fe80::f8d3:f0ff:febe:3364:53_TCP,fe80::4271:f819:8915:590a,fe80::f8d3:f0ff:febe:3364,52162,53,1788059870.728397,1788059870.766377,TCP,0.03798,6,499,157.9785,13138.5489,83.1667,115,16.2778,0.007596,0.012213,1,5,0,6
fe80::4271:f819:8915:590a:65426->fe80::f8d3:f0ff:febe:3364:53_TCP,fe80::4271:f819:8915:590a,fe80::f8d3:f0ff:febe:3364,65426,53,1788059870.728643,1788059870.766133,TCP,0.03749,6,499,160.0421,13310.1701,83.1667,115,16.2778,0.007498,0.012061,1,5,0,6
fe80::4271:f819:8915:590a:52707->fe80::f8d3:f0ff:febe:3364:53_TCP,fe80::4271:f819:8915:590a,fe80::f8d3:f0ff:febe:3364,52707,53,1788059870.728813,1788059870.766260,TCP,0.037447,6,499,160.2245,13325.339,83.1667,115,16.2778,0.007489,0.012085,1,5,0,6
fe80::f8d3:f0ff:febe:3364:53->fe80::4271:f819:8915:590a:52162_TCP,fe80::f8d3:f0ff:febe:3364,fe80::4271:f819:8915:590a,53,52162,1788059870.732147,1788059870.766615,TCP,0.034468,5,526,145.0624,15260.56,105.2,218,63.2708,0.008617,0.012945,1,5,0,6
fe80::f8d3:f0ff:febe:3364:53->fe80::4271:f819:8915:590a:65426_TCP,fe80::f8d3:f0ff:febe:3364,fe80::4271:f819:8915:590a,53,65426,1788059870.732196,1788059870.766337,TCP,0.034141,5,509,146.4512,14908.7329,101.8,201,55.6974,0.008535,0.012778,1,5,0,6
fe80::f8d3:f0ff:febe:3364:53->fe80::4271:f819:8915:590a:52707_TCP,fe80::f8d3:f0ff:febe:3364,fe80::4271:f819:8915:590a,53,52707,1788059870.732209,1788059870.766566,TCP,0.034356,5,513,145.5345,14931.8387,102.6,205,57.4787,0.008589,0.012804,1,5,0,6
fe80::4271:f819:8915:590a:56182->fe80::f8d3:f0ff:febe:3364:53_TCP,fe80::4271:f819:8915:590a,fe80::f8d3:f0ff:febe:3364,56182,53,1788059870.744799,1788059870.749834,TCP,0.005035,6,500,1191.7329,99311.0764,83.3333,116,16.6693,0.001007,0.000919,1,5,0,6
fe80::4271:f819:8915:590a:50894->fe80::f8d3:f0ff:febe:3364:53_TCP,fe80::4271:f819:8915:590a,fe80::f8d3:f0ff:febe:3364,50894,53,1788059870.745062,1788059870.749942,TCP,0.00488,6,500,1229.4604,102455.0296,83.3333,116,16.6693,0.000976,0.000957,1,5,0,6
fe80::4271:f819:8915:590a:55754->fe80::f8d3:f0ff:febe:3364:53_TCP,fe80::4271:f819:8915:590a,fe80::f8d3:f0ff:febe:3364,55754,53,1788059870.745319,1788059870.750049,TCP,0.00473,6,500,1268.6305,105719.2116,83.3333,116,16.6693,0.000946,0.000906,1,5,0,6
fe80::f8d3:f0ff:febe:3364:53->fe80::4271:f819:8915:590a:56182_TCP,fe80::f8d3:f0ff:febe:3364,fe80::4271:f819:8915:590a,53,56182,1788059870.745525,1788059870.749986,TCP,0.004461,6,606,1344.9748,135842.4576,101.0,224,60.4483,0.000892,0.000738,1,6,0,6
fe80::f8d3:f0ff:febe:3364:53->fe80::4271:f819:8915:590a:50894_TCP,fe80::f8d3:f0ff:febe:3364,fe80::4271:f819:8915:590a,53,50894,1788059870.745636,1788059870.750144,TCP,0.004507,6,601,1331.2433,133346.2074,100.1667,219,58.4138,0.000901,0.000723,1,6,0,6
fe80::f8d3:f0ff:febe:3364:53->fe80::4271:f819:8915:590a:55754_TCP,fe80::f8d3:f0ff:febe:3364,fe80::4271:f819:8915:590a,53,55754,1788059870.745946,1788059870.750215,TCP,0.004268,6,577,1405.7549,135186.7617,96.1667,195,48.6556,0.000854,0.00073,1,6,0,6
2409:40c4:2024:5958:51ff:38d8:7ac5:9d74:54936->2606:4700:9ae1:fe0f:d5d7:a7b:b357:af4d:443_UDP,2409:40c4:2024:5958:51ff:38d8:7ac5:9d74,2606:4700:9ae1:fe0f:d5d7:a7b:b357:af4d,54936,443,1788059870.767329,1788059883.596243,UDP,12.828914,29,20860,2.2605,1626.0145,719.3103,1292,595.7509,0.458176,1.117723,0,0,0,17
2606:4700:9ae1:fe0f:d5d7:a7b:b357:af4d:443->2409:40c4:2024:5958:51ff:38d8:7ac5:9d74:54936_UDP,2606:4700:9ae1:fe0f:d5d7:a7b:b357:af4d,2409:40c4:2024:5958:51ff:38d8:7ac5:9d74,443,54936,1788059870.806113,1788059883.569381,UDP,12.763269,23,10225,1.802,801.1271,444.5652,1262,451.6263,0.580149,1.268799,0,0,0,17
2409:40c4:2024:5958:51ff:38d8:7ac5:9d74:65246->2606:4700:9ae1:fe0f:d5d7:a7b:b357:af4d:443_UDP,2409:40c4:2024:5958:51ff:38d8:7ac5:9d74,2606:4700:9ae1:fe0f:d5d7:a7b:b357:af4d,65246,443,1788059870.830650,1788059883.423279,UDP,12.592628,18,8433,1.4294,669.6775,468.5,1292,486.0561,0.740743,1.612874,0,0,0,17
2606:4700:9ae1:fe0f:d5d7:a7b:b357:af4d:443->2409:40c4:2024:5958:51ff:38d8:7ac5:9d74:65246_UDP,2606:4700:9ae1:fe0f:d5d7:a7b:b357:af4d,2409:40c4:2024:5958:51ff:38d8:7ac5:9d74,443,65246,1788059870.882050,1788059883.397908,UDP,12.515859,18,9591,1.4382,766.3078,532.8333,1262,475.6315,0.736227,1.655216,0,0,0,17
fe80::4271:f819:8915:590a:59934->fe80::f8d3:f0ff:febe:3364:53_TCP,fe80::4271:f819:8915:590a,fe80::f8d3:f0ff:febe:3364,59934,53,1788059870.916709,1788059870.954016,TCP,0.037306,6,495,160.8307,13268.5333,82.5,111,14.7207,0.007461,0.01267,1,5,1,6
fe80::4271:f819:8915:590a:61304->fe80::f8d3:f0ff:febe:3364:53_TCP,fe80::4271:f819:8915:590a,fe80::f8d3:f0ff:febe:3364,61304,53,1788059870.916888,1788059870.919444,TCP,0.002556,6,495,2347.3392,193655.4874,82.5,111,14.7207,0.000511,0.000529,1,5,0,6
fe80::f8d3:f0ff:febe:3364:53->fe80::4271:f819:8915:590a:59934_TCP,fe80::f8d3:f0ff:febe:3364,fe80::4271:f819:8915:590a,53,59934,1788059870.917050,1788059870.954062,TCP,0.037011,6,545,162.1123,14725.1988,90.8333,163,35.6787,0.007402,0.012552,1,6,0,6
fe80::4271:f819:8915:590a:62728->fe80::f8d3:f0ff:febe:3364:53_TCP,fe80::4271:f819:8915:590a,fe80::f8d3:f0ff:febe:3364,62728,53,1788059870.917053,1788059870.919517,TCP,0.002463,6,495,2435.9524,200966.071,82.5,111,14.7207,0.000493,0.000579,1,5,0,6
fe80::f8d3:f0ff:febe:3364:53->fe80::4271:f819:8915:590a:61304_TCP,fe80::f8d3:f0ff:febe:3364,fe80::4271:f819:8915:590a,53,61304,1788059870.917397,1788059870.920077,TCP,0.002679,5,449,1866.2917,167592.996,89.8,141,29.0895,0.00067,0.000458,1,5,0,6
fe80::f8d3:f0ff:febe:3364:53->fe80::4271:f819:8915:590a:62728_TCP,fe80::f8d3:f0ff:febe:3364,fe80::4271:f819:8915:590a,53,62728,1788059870.917497,1788059870.920084,TCP,0.002586,5,437,1933.3936,168978.5976,87.4,129,23.8286,0.000647,0.000339,1,5,0,6
fe80::4271:f819:8915:590a:55011->fe80::f8d3:f0ff:febe:3364:53_TCP,fe80::4271:f819:8915:590a,fe80::f8d3:f0ff:febe:3364,55011,53,1788059870.918911,1788059870.921830,TCP,0.002919,6,490,2055.3597,167854.3744,81.6667,106,12.801,0.000584,0.000934,1,5,0,6
fe80::4271:f819:8915:590a:64251->fe80::f8d3:f0ff:febe:3364:53_TCP,fe80::4271:f819:8915:590a,fe80::f8d3:f0ff:febe:3364,64251,53,1788059870.919099,1788059870.922159,TCP,0.00306,6,490,1960.7187,160125.3572,81.6667,106,12.801,0.000612,0.000761,1,5,0,6
fe80::f8d3:f0ff:febe:3364:53->fe80::4271:f819:8915:590a:55011_TCP,fe80::f8d3:f0ff:febe:3364,fe80::4271:f819:8915:590a,53,55011,1788059870.919189,1788059870.922297,TCP,0.003108,6,515,1930.6348,165712.8163,85.8333,133,23.6001,0.000622,0.000583,1,6,0,6
fe80::4271:f819:8915:590a:62414->fe80::f8d3:f0ff:febe:3364:53_TCP,fe80::4271:f819:8915:590a,fe80::f8d3:f0ff:febe:3364,62414,53,1788059870.919242,1788059870.922341,TCP,0.003099,6,490,1936.2794,158129.4883,81.6667,106,12.801,0.00062,0.000903,1,5,0,6
fe80::f8d3:f0ff:febe:3364:53->fe80::4271:f819:8915:590a:64251_TCP,fe80::f8d3:f0ff:febe:3364,fe80::4271:f819:8915:590a,53,64251,1788059870.919547,1788059870.922195,TCP,0.002648,6,714,2265.9665,269650.014,119.0,332,104.4586,0.00053,0.000491,1,6,0,6
fe80::f8d3:f0ff:febe:3364:53->fe80::4271:f819:8915:590a:62414_TCP,fe80::f8d3:f0ff:febe:3364,fe80::4271:f819:8915:590a,53,62414,1788059870.919626,1788059870.922650,TCP,0.003024,6,618,1984.217,204374.3493,103.0,236,65.333,0.000605,0.00062,1,6,0,6
2409:40c4:2024:5958:51ff:38d8:7ac5:9d74:54630->2001:4860:4828:7700:::443_UDP,2409:40c4:2024:5958:51ff:38d8:7ac5:9d74,2001:4860:4828:7700::,54630,443,1788059870.923121,1788059871.155076,UDP,0.231955,12,5296,51.7342,22832.0098,441.3333,1292,526.8704,0.021087,0.019668,0,0,0,17
2409:40c4:2024:5958:51ff:38d8:7ac5:9d74:56062->2404:6800:4013:813::54:443_UDP,2409:40c4:2024:5958:51ff:38d8:7ac5:9d74,2404:6800:4013:813::54,56062,443,1788059870.925711,1788059878.857116,UDP,7.931405,67,10809,8.4474,1362.8102,161.3284,1292,253.2678,0.120173,0.851367,0,0,0,17
fe80::4271:f819:8915:590a:65088->fe80::f8d3:f0ff:febe:3364:53_TCP,fe80::4271:f819:8915:590a,fe80::f8d3:f0ff:febe:3364,65088,53,1788059870.957736,1788059870.990481,TCP,0.032744,6,497,183.2387,15178.2748,82.8333,113,15.4973,0.006549,0.014324,1,5,0,6
fe80::4271:f819:8915:590a:64342->fe80::f8d3:f0ff:febe:3364:53_TCP,fe80::4271:f819:8915:590a,fe80::f8d3:f0ff:febe:3364,64342,53,1788059870.957892,1788059870.988429,TCP,0.030537,6,497,196.4806,16275.1426,82.8333,113,15.4973,0.006107,0.013396,1,5,0,6
fe80::4271:f819:8915:590a:49338->fe80::f8d3:f0ff:febe:3364:53_TCP,fe80::4271:f819:8915:590a,fe80::f8d3:f0ff:febe:3364,49338,53,1788059870.958020,1788059870.964106,TCP,0.006086,6,497,985.8512,81661.3424,82.8333,113,15.4973,0.001217,0.002274,1,5,0,6
fe80::f8d3:f0ff:febe:3364:53->fe80::4271:f819:8915:590a:65088_TCP,fe80::f8d3:f0ff:febe:3364,fe80::4271:f819:8915:590a,53,65088,1788059870.958097,1788059870.990703,TCP,0.032606,5,610,153.3465,18708.2784,122.0,302,100.7571,0.008151,0.015639,1,5,0,6
fe80::f8d3:f0ff:febe:3364:53->fe80::4271:f819:8915:590a:64342_TCP,fe80::f8d3:f0ff:febe:3364,fe80::4271:f819:8915:590a,53,64342,1788059870.958227,1788059870.988688,TCP,0.030461,5,605,164.1439,19861.4147,121.0,297,98.5241,0.007615,0.014651,1,5,0,6
fe80::f8d3:f0ff:febe:3364:53->fe80::4271:f819:8915:590a:49338_TCP,fe80::f8d3:f0ff:febe:3364,fe80::4271:f819:8915:590a,53,49338,1788059870.958647,1788059870.964333,TCP,0.005687,5,581,879.2721,102171.4236,116.2,273,87.8077,0.001422,0.002343,1,5,0,6
2001:4860:4828:7700:::443->2409:40c4:2024:5958:51ff:38d8:7ac5:9d74:54630_UDP,2001:4860:4828:7700::,2409:40c4:2024:5958:51ff:38d8:7ac5:9d74,443,54630,1788059870.972060,1788059871.197788,UDP,0.225728,15,12115,66.4516,53670.7813,807.6667,1292,538.7128,0.016123,0.025767,0,0,0,17
2404:6800:4013:813::54:443->2409:40c4:2024:5958:51ff:38d8:7ac5:9d74:56062_UDP,2404:6800:4013:813::54,2409:40c4:2024:5958:51ff:38d8:7ac5:9d74,443,56062,1788059870.984048,1788059878.933042,UDP,7.948994,112,121428,14.0898,15275.8945,1084.1786,1292,419.5317,0.071613,0.656731,0,0,0,17
2409:40c4:2024:5958:51ff:38d8:7ac5:9d74:60963->2405:200:160b:1731::312c:7310:443_TCP,2409:40c4:2024:5958:51ff:38d8:7ac5:9d74,2405:200:160b:1731::312c:7310,60963,443,1788059870.990842,1788059871.164252,TCP,0.173411,16,3725,92.2665,21480.8024,232.8125,1314,353.5427,0.011561,0.016868,1,15,0,6
2409:40c4:2024:5958:51ff:38d8:7ac5:9d74:53723->2a04:4e42:fe7::396:443_UDP,2409:40c4:2024:5958:51ff:38d8:7ac5:9d74,2a04:4e42:fe7::396,53723,443,1788059871.004001,1788059871.604879,UDP,0.600878,3,3876,4.9927,6450.5658,1292.0,1292,0.0,0.300439,0.000277,0,0,0,17
2405:200:160b:1731::312c:7310:443->2409:40c4:2024:5958:51ff:38d8:7ac5:9d74:60963_TCP,2405:200:160b:1731::312c:7310,2409:40c4:2024:5958:51ff:38d8:7ac5:9d74,443,60963,1788059871.012168,1788059871.114683,TCP,0.102515,26,26749,253.6221,260928.3212,1028.8077,1314,471.4508,0.004101,0.010512,1,26,0,6
2409:40c4:2024:5958:51ff:38d8:7ac5:9d74:53939->2a04:4e42:fe7::396:443_UDP,2409:40c4:2024:5958:51ff:38d8:7ac5:9d74,2a04:4e42:fe7::396,53939,443,1788059871.148772,1788059875.883716,UDP,4.734944,742,108670,156.7072,22950.6417,146.4555,1292,147.6897,0.00639,0.051348,0,0,0,17
fe80::4271:f819:8915:590a:62407->fe80::f8d3:f0ff:febe:3364:53_TCP,fe80::4271:f819:8915:590a,fe80::f8d3:f0ff:febe:3364,62407,53,1788059871.155915,1788059871.183646,TCP,0.027731,6,491,216.3648,17705.8538,81.8333,107,13.1821,0.005546,0.009909,1,5,1,6
fe80::4271:f819:8915:590a:49995->fe80::f8d3:f0ff:febe:3364:53_TCP,fe80::4271:f819:8915:590a,fe80::f8d3:f0ff:febe:3364,49995,53,1788059871.156109,1788059871.159781,TCP,0.003671,6,491,1634.3567,133744.8541,81.8333,107,13.1821,0.000734,0.001205,1,5,0,6
fe80::4271:f819:8915:590a:54020->fe80::f8d3:f0ff:febe:3364:53_TCP,fe80::4271:f819:8915:590a,fe80::f8d3:f0ff:febe:3364,54020,53,1788059871.156260,1788059871.159881,TCP,0.003621,6,491,1657.0635,135603.0331,81.8333,107,13.1821,0.000724,0.001212,1,5,0,6
fe80::f8d3:f0ff:febe:3364:53->fe80::4271:f819:8915:590a:62407_TCP,fe80::f8d3:f0ff:febe:3364,fe80::4271:f819:8915:590a,53,62407,1788059871.156446,1788059871.183685,TCP,0.027239,6,548,220.2698,20117.9745,91.3333,166,36.8926,0.005448,0.009746,1,6,0,6
fe80::f8d3:f0ff:febe:3364:53->fe80::4271:f819:8915:590a:49995_TCP,fe80::f8d3:f0ff:febe:3364,fe80::4271:f819:8915:590a,53,49995,1788059871.156486,1788059871.160174,TCP,0.003688,6,519,1626.7501,140713.8834,86.5,137,25.2012,0.000738,0.000824,1,6,0,6
fe80::f8d3:f0ff:febe:3364:53->fe80::4271:f819:8915:590a:54020_TCP,fe80::f8d3:f0ff:febe:3364,fe80::4271:f819:8915:590a,53,54020,1788059871.156682,1788059871.160226,TCP,0.003544,5,433,1410.9884,122191.592,86.6,125,22.0862,0.000886,0.001034,1,5,0,6
2409:40c4:2024:5958:51ff:38d8:7ac5:9d74:60250->2404:6800:4013:807::5e:443_UDP,2409:40c4:2024:5958:51ff:38d8:7ac5:9d74,2404:6800:4013:807::5e,60250,443,1788059871.180839,1788059871.560108,UDP,0.379268,82,11859,216.2057,31268.0934,144.622,1292,229.6133,0.004682,0.010068,0,0,0,17
2a04:4e42:fe7::396:443->2409:40c4:2024:5958:51ff:38d8:7ac5:9d74:53939_UDP,2a04:4e42:fe7::396,2409:40c4:2024:5958:51ff:38d8:7ac5:9d74,443,53939,1788059871.188843,1788059875.962077,UDP,4.773234,5431,7156157,1137.8029,1499225.9858,1317.65,1342,164.4087,0.000879,0.023695,0,0,0,17
2404:6800:4013:807::5e:443->2409:40c4:2024:5958:51ff:38d8:7ac5:9d74:60250_UDP,2404:6800:4013:807::5e,2409:40c4:2024:5958:51ff:38d8:7ac5:9d74,443,60250,1788059871.244198,1788059871.572074,UDP,0.327876,306,387449,933.2808,1181695.0797,1266.1732,1292,160.8252,0.001075,0.004213,0,0,0,17
fe80::4271:f819:8915:590a:52133->fe80::f8d3:f0ff:febe:3364:53_TCP,fe80::4271:f819:8915:590a,fe80::f8d3:f0ff:febe:3364,52133,53,1788059871.342899,1788059871.346513,TCP,0.003614,6,485,1660.3433,134211.0866,80.8333,101,10.9255,0.000723,0.00127,1,5,0,6
fe80::4271:f819:8915:590a:54646->fe80::f8d3:f0ff:febe:3364:53_TCP,fe80::4271:f819:8915:590a,fe80::f8d3:f0ff:febe:3364,54646,53,1788059871.343027,1788059871.346671,TCP,0.003644,6,485,1646.6547,133104.5894,80.8333,101,10.9255,0.000729,0.001272,1,5,0,6
fe80::4271:f819:8915:590a:52217->fe80::f8d3:f0ff:febe:3364:53_TCP,fe80::4271:f819:8915:590a,fe80::f8d3:f0ff:febe:3364,52217,53,1788059871.343140,1788059871.346811,TCP,0.003671,6,485,1634.4628,132119.0777,80.8333,101,10.9255,0.000734,0.001253,1,5,0,6
fe80::f8d3:f0ff:febe:3364:53->fe80::4271:f819:8915:590a:52133_TCP,fe80::f8d3:f0ff:febe:3364,fe80::4271:f819:8915:590a,53,52133,1788059871.343327,1788059871.346725,TCP,0.003398,5,517,1471.4791,152150.938,103.4,209,59.2604,0.000849,0.001237,1,5,0,6
fe80::f8d3:f0ff:febe:3364:53->fe80::4271:f819:8915:590a:54646_TCP,fe80::f8d3:f0ff:febe:3364,fe80::4271:f819:8915:590a,53,54646,1788059871.343419,1788059871.346982,TCP,0.003563,5,512,1403.3405,143702.0642,102.4,204,57.0333,0.000891,0.001024,1,5,0,6
fe80::f8d3:f0ff:febe:3364:53->fe80::4271:f819:8915:590a:52217_TCP,fe80::f8d3:f0ff:febe:3364,fe80::4271:f819:8915:590a,53,52217,1788059871.343693,1788059871.347040,TCP,0.003346,5,488,1494.1237,145826.4714,97.6,180,46.3552,0.000837,0.00124,1,5,0,6
2409:40c4:2024:5958:51ff:38d8:7ac5:9d74:52486->2a04:4e42:fe7::396:443_TCP,2409:40c4:2024:5958:51ff:38d8:7ac5:9d74,2a04:4e42:fe7::396,52486,443,1788059871.347072,1788059871.484212,TCP,0.137141,13,3826,94.7933,27898.3936,294.3077,1314,365.7983,0.011428,0.015793,1,12,0,6
2a04:4e42:fe7::396:443->2409:40c4:2024:5958:51ff:38d8:7ac5:9d74:52486_TCP,2a04:4e42:fe7::396,2409:40c4:2024:5958:51ff:38d8:7ac5:9d74,443,52486,1788059871.374149,1788059871.484173,TCP,0.110024,15,7752,136.3336,70457.2179,516.8,1314,552.311,0.007859,0.014655,1,15,0,6
fe80::4271:f819:8915:590a:64705->fe80::f8d3:f0ff:febe:3364:53_TCP,fe80::4271:f819:8915:590a,fe80::f8d3:f0ff:febe:3364,64705,53,1788059871.418801,1788059871.422467,TCP,0.003665,6,495,1636.908,135044.9122,82.5,111,14.7207,0.000733,0.001236,1,5,0,6
fe80::4271:f819:8915:590a:52452->fe80::f8d3:f0ff:febe:3364:53_TCP,fe80::4271:f819:8915:590a,fe80::f8d3:f0ff:febe:3364,52452,53,1788059871.418989,1788059871.424196,TCP,0.005208,6,495,1152.1231,95050.1525,82.5,111,14.7207,0.001042,0.001922,1,5,0,6
fe80::4271:f819:8915:590a:61240->fe80::f8d3:f0ff:febe:3364:53_TCP,fe80::4271:f819:8915:590a,fe80::f8d3:f0ff:febe:3364,61240,53,1788059871.419141,1788059871.424303,TCP,0.005162,6,495,1162.3937,95897.4818,82.5,111,14.7207,0.001032,0.001762,1,5,0,6
fe80::f8d3:f0ff:febe:3364:53->fe80::4271:f819:8915:590a:64705_TCP,fe80::f8d3:f0ff:febe:3364,fe80::4271:f819:8915:590a,53,64705,1788059871.419300,1788059871.422836,TCP,0.003536,5,471,1414.1281,133210.8688,94.2,163,38.8098,0.000884,0.000916,1,5,0,6
fe80::f8d3:f0ff:febe:3364:53->fe80::4271:f819:8915:590a:52452_TCP,fe80::f8d3:f0ff:febe:3364,fe80::4271:f819:8915:590a,53,52452,1788059871.419500,1788059871.424486,TCP,0.004986,5,449,1002.8942,90059.8965,89.8,141,29.0895,0.001246,0.001213,1,5,0,6
fe80::f8d3:f0ff:febe:3364:53->fe80::4271:f819:8915:590a:61240_TCP,fe80::f8d3:f0ff:febe:3364,fe80::4271:f819:8915:590a,53,61240,1788059871.419859,1788059871.424541,TCP,0.004681,5,437,1068.1226,93353.9191,87.4,129,23.8286,0.00117,0.0011,1,5,0,6
2409:40c4:2024:5958:51ff:38d8:7ac5:9d74:55068->2404:6800:4013:813::54:443_UDP,2409:40c4:2024:5958:51ff:38d8:7ac5:9d74,2404:6800:4013:813::54,55068,443,1788059871.425303,1788059878.925667,UDP,7.500364,64,10840,8.5329,1445.2633,169.375,1292,270.7786,0.119053,0.847825,0,0,0,17
2409:40c4:2024:5958:51ff:38d8:7ac5:9d74:51756->2a04:4e42:fe7::396:443_UDP,2409:40c4:2024:5958:51ff:38d8:7ac5:9d74,2a04:4e42:fe7::396,51756,443,1788059871.448047,1788059875.191628,UDP,3.743581,870,126046,232.3978,33669.9022,144.8805,1292,136.686,0.004308,0.037563,0,0,0,17
2a04:4e42:fe7::396:443->2409:40c4:2024:5958:51ff:38d8:7ac5:9d74:51756_UDP,2a04:4e42:fe7::396,2409:40c4:2024:5958:51ff:38d8:7ac5:9d74,443,51756,1788059871.477110,1788059875.177496,UDP,3.700386,6853,9022101,1851.9688,2438151.1289,1316.5185,1342,166.2524,0.00054,0.014149,0,0,0,17
2404:6800:4013:813::54:443->2409:40c4:2024:5958:51ff:38d8:7ac5:9d74:55068_UDP,2404:6800:4013:813::54,2409:40c4:2024:5958:51ff:38d8:7ac5:9d74,443,55068,1788059871.484245,1788059878.964876,UDP,7.480631,118,132184,15.7741,17670.1669,1120.2034,1292,387.8944,0.063937,0.626723,0,0,0,17
fe80::4271:f819:8915:590a:57293->fe80::f8d3:f0ff:febe:3364:53_TCP,fe80::4271:f819:8915:590a,fe80::f8d3:f0ff:febe:3364,57293,53,1788059871.606926,1788059871.610361,TCP,0.003434,6,490,1747.1413,142683.2102,81.6667,106,12.801,0.000687,0.001168,1,5,0,6
fe80::4271:f819:8915:590a:54096->fe80::f8d3:f0ff:febe:3364:53_TCP,fe80::4271:f819:8915:590a,fe80::f8d3:f0ff:febe:3364,54096,53,1788059871.607110,1788059871.610681,TCP,0.003571,6,490,1680.2981,137224.3413,81.6667,106,12.801,0.000714,0.001132,1,5,0,6
fe80::4271:f819:8915:590a:62905->fe80::f8d3:f0ff:febe:3364:53_TCP,fe80::4271:f819:8915:590a,fe80::f8d3:f0ff:febe:3364,62905,53,1788059871.607246,1788059871.610841,TCP,0.003595,6,490,1668.9319,136296.1045,81.6667,106,12.801,0.000719,0.001134,1,5,0,6
fe80::f8d3:f0ff:febe:3364:53->fe80::4271:f819:8915:590a:57293_TCP,fe80::f8d3:f0ff:febe:3364,fe80::4271:f819:8915:590a,53,57293,1788059871.607420,1788059871.610765,TCP,0.003345,5,441,1494.6561,131828.6697,88.2,133,25.5773,0.000836,0.000974,1,5,0,6
fe80::f8d3:f0ff:febe:3364:53->fe80::4271:f819:8915:590a:54096_TCP,fe80::f8d3:f0ff:febe:3364,fe80::4271:f819:8915:590a,53,54096,1788059871.607557,1788059871.610774,TCP,0.003217,5,640,1554.4822,198973.7277,128.0,332,114.1578,0.000804,0.001045,1,5,0,6
fe80::f8d3:f0ff:febe:3364:53->fe80::4271:f819:8915:590a:62905_TCP,fe80::f8d3:f0ff:febe:3364,fe80::4271:f819:8915:590a,53,62905,1788059871.607959,1788059871.611143,TCP,0.003184,6,618,1884.6569,194119.6639,103.0,236,65.333,0.000637,0.000886,1,6,0,6
2409:40c4:2024:5958:51ff:38d8:7ac5:9d74:63226->2001:4860:4828:7700:::443_UDP,2409:40c4:2024:5958:51ff:38d8:7ac5:9d74,2001:4860:4828:7700::,63226,443,1788059871.611619,1788059878.953511,UDP,7.341892,80,36945,10.8964,5032.0816,461.8125,1292,533.6182,0.092935,0.612663,0,0,0,17
2001:4860:4828:7700:::443->2409:40c4:2024:5958:51ff:38d8:7ac5:9d74:63226_UDP,2001:4860:4828:7700::,2409:40c4:2024:5958:51ff:38d8:7ac5:9d74,443,63226,1788059871.649772,1788059879.015281,UDP,7.365509,109,101058,14.7987,13720.4362,927.1376,1292,533.5372,0.068199,0.528945,0,0,0,17
2409:40c4:2024:5958:51ff:38d8:7ac5:9d74:60504->2a04:4e42:fe7::396:443_UDP,2409:40c4:2024:5958:51ff:38d8:7ac5:9d74,2a04:4e42:fe7::396,60504,443,1788059871.667580,1788059872.271443,UDP,0.603863,3,3876,4.968,6418.677,1292.0,1292,0.0,0.301931,0.00241,0,0,0,17
fe80::4271:f819:8915:590a:51512->fe80::f8d3:f0ff:febe:3364:53_TCP,fe80::4271:f819:8915:590a,fe80::f8d3:f0ff:febe:3364,51512,53,1788059871.844055,1788059871.874612,TCP,0.030557,6,494,196.3549,16166.5523,82.3333,110,14.3341,0.006111,0.013068,1,5,0,6
fe80::4271:f819:8915:590a:49671->fe80::f8d3:f0ff:febe:3364:53_TCP,fe80::4271:f819:8915:590a,fe80::f8d3:f0ff:febe:3364,49671,53,1788059871.844233,1788059871.875203,TCP,0.03097,6,494,193.7353,15950.8705,82.3333,110,14.3341,0.006194,0.01305,1,5,0,6
fe80::4271:f819:8915:590a:57638->fe80::f8d3:f0ff:febe:3364:53_TCP,fe80::4271:f819:8915:590a,fe80::f8d3:f0ff:febe:3364,57638,53,1788059871.844377,1788059871.874858,TCP,0.030482,6,494,196.8387,16206.3839,82.3333,110,14.3341,0.006096,0.012989,1,5,0,6
fe80::f8d3:f0ff:febe:3364:53->fe80::4271:f819:8915:590a:51512_TCP,fe80::f8d3:f0ff:febe:3364,fe80::4271:f819:8915:590a,53,51512,1788059871.844735,1788059871.874870,TCP,0.030135,5,477,165.9218,15828.9397,95.4,169,41.4705,0.007534,0.014296,1,5,0,6
fe80::f8d3:f0ff:febe:3364:53->fe80::4271:f819:8915:590a:49671_TCP,fe80::f8d3:f0ff:febe:3364,fe80::4271:f819:8915:590a,53,49671,1788059871.845329,1788059871.875240,TCP,0.029911,6,522,200.5932,17451.6104,87.0,140,26.4045,0.005982,0.012812,1,6,0,6
fe80::f8d3:f0ff:febe:3364:53->fe80::4271:f819:8915:590a:57638_TCP,fe80::f8d3:f0ff:febe:3364,fe80::4271:f819:8915:590a,53,57638,1788059871.845339,1788059871.875294,TCP,0.029955,6,510,200.3011,17025.5893,85.0,128,21.6056,0.005991,0.01274,1,6,0,6
2409:40c4:2024:5958:51ff:38d8:7ac5:9d74:52671->2404:6800:4013:813::8d:443_TCP,2409:40c4:2024:5958:51ff:38d8:7ac5:9d74,2404:6800:4013:813::8d,52671,443,1788059871.875375,1788059872.112187,TCP,0.236812,16,4172,67.564,17617.3242,260.75,1314,337.6384,0.015787,0.026707,1,15,0,6
2404:6800:4013:813::8d:443->2409:40c4:2024:5958:51ff:38d8:7ac5:9d74:52671_TCP,2404:6800:4013:813::8d,2409:40c4:2024:5958:51ff:38d8:7ac5:9d74,443,52671,1788059871.925334,1788059872.176109,TCP,0.250774,17,9821,67.7901,39162.7295,577.7059,1294,589.9083,0.015673,0.027457,1,17,0,6
fe80::4271:f819:8915:590a:56517->fe80::f8d3:f0ff:febe:3364:53_TCP,fe80::4271:f819:8915:590a,fe80::f8d3:f0ff:febe:3364,56517,53,1788059871.929980,1788059871.934173,TCP,0.004193,6,493,1430.9333,117575.0197,82.1667,109,13.9487,0.000839,0.001279,1,5,0,6
fe80::4271:f819:8915:590a:58056->fe80::f8d3:f0ff:febe:3364:53_TCP,fe80::4271:f819:8915:590a,fe80::f8d3:f0ff:febe:3364,58056,53,1788059871.930168,1788059871.934392,TCP,0.004224,6,493,1420.3535,116705.7158,82.1667,109,13.9487,0.000845,0.001347,1,5,0,6
fe80::4271:f819:8915:590a:49920->fe80::f8d3:f0ff:febe:3364:53_TCP,fe80::4271:f819:8915:590a,fe80::f8d3:f0ff:febe:3364,49920,53,1788059871.930341,1788059871.934511,TCP,0.00417,6,493,1438.787,118220.3346,82.1667,109,13.9487,0.000834,0.001252,1,5,0,6
fe80::f8d3:f0ff:febe:3364:53->fe80::4271:f819:8915:590a:56517_TCP,fe80::f8d3:f0ff:febe:3364,fe80::4271:f819:8915:590a,53,56517,1788059871.930768,1788059871.934222,TCP,0.003454,5,444,1447.7095,128556.6047,88.8,136,26.8924,0.000863,0.000947,1,5,0,6
fe80::f8d3:f0ff:febe:3364:53->fe80::4271:f819:8915:590a:58056_TCP,fe80::f8d3:f0ff:febe:3364,fe80::4271:f819:8915:590a,53,58056,1788059871.930890,1788059871.934794,TCP,0.003904,5,447,1280.6253,114487.9023,89.4,139,28.2099,0.000976,0.001145,1,5,0,6
fe80::f8d3:f0ff:febe:3364:53->fe80::4271:f819:8915:590a:49920_TCP,fe80::f8d3:f0ff:febe:3364,fe80::4271:f819:8915:590a,53,49920,1788059871.930925,1788059871.934984,TCP,0.004059,5,435,1231.735,107160.9444,87.0,127,22.9565,0.001015,0.001123,1,5,0,6
2409:40c4:2024:5958:51ff:38d8:7ac5:9d74:49882->2404:6800:4013:802::5e:443_UDP,2409:40c4:2024:5958:51ff:38d8:7ac5:9d74,2404:6800:4013:802::5e,49882,443,1788059871.935624,1788059872.143859,UDP,0.208235,51,9349,244.9156,44896.3856,183.3137,1292,292.5543,0.004165,0.009696,0,0,0,17
2404:6800:4013:802::5e:443->2409:40c4:2024:5958:51ff:38d8:7ac5:9d74:49882_UDP,2404:6800:4013:802::5e,2409:40c4:2024:5958:51ff:38d8:7ac5:9d74,443,49882,1788059871.984554,1788059872.202565,UDP,0.218011,93,113444,426.5846,520359.8665,1219.828,1292,272.6715,0.00237,0.008055,0,0,0,17
2409:40c4:2024:5958:51ff:38d8:7ac5:9d74:52837->2001:4860:4828:7700:::443_UDP,2409:40c4:2024:5958:51ff:38d8:7ac5:9d74,2001:4860:4828:7700::,52837,443,1788059873.441816,1788059879.072472,UDP,5.630656,13,9028,2.3088,1603.3655,694.4615,1292,588.749,0.469221,1.535011,0,0,0,17
2001:4860:4828:7700:::443->2409:40c4:2024:5958:51ff:38d8:7ac5:9d74:52837_UDP,2001:4860:4828:7700::,2409:40c4:2024:5958:51ff:38d8:7ac5:9d74,443,52837,1788059873.488080,1788059879.143145,UDP,5.655066,16,5865,2.8293,1037.1233,366.5625,1292,418.992,0.377004,1.365365,0,0,0,17
fe80::4271:f819:8915:590a:55735->fe80::f8d3:f0ff:febe:3364:53_TCP,fe80::4271:f819:8915:590a,fe80::f8d3:f0ff:febe:3364,55735,53,1788059873.738378,1788059873.742939,TCP,0.004561,6,498,1315.5849,109193.5486,83.0,114,15.8871,0.000912,0.00162,1,5,0,6
fe80::4271:f819:8915:590a:57983->fe80::f8d3:f0ff:febe:3364:53_TCP,fe80::4271:f819:8915:590a,fe80::f8d3:f0ff:febe:3364,57983,53,1788059873.738640,1788059873.743255,TCP,0.004615,6,498,1300.2234,107918.5426,83.0,114,15.8871,0.000923,0.00168,1,5,0,6
fe80::4271:f819:8915:590a:50078->fe80::f8d3:f0ff:febe:3364:53_TCP,fe80::4271:f819:8915:590a,fe80::f8d3:f0ff:febe:3364,50078,53,1788059873.738822,1788059873.743577,TCP,0.004755,6,498,1261.8243,104731.4176,83.0,114,15.8871,0.000951,0.001805,1,5,0,6
fe80::f8d3:f0ff:febe:3364:53->fe80::4271:f819:8915:590a:55735_TCP,fe80::f8d3:f0ff:febe:3364,fe80::4271:f819:8915:590a,53,55735,1788059873.738827,1788059873.743373,TCP,0.004546,5,530,1099.8857,116587.8806,106.0,222,65.0538,0.001136,0.001364,1,5,0,6
fe80::f8d3:f0ff:febe:3364:53->fe80::4271:f819:8915:590a:57983_TCP,fe80::f8d3:f0ff:febe:3364,fe80::4271:f819:8915:590a,53,57983,1788059873.739008,1788059873.743665,TCP,0.004657,5,525,1073.6456,112732.7907,105.0,217,62.8252,0.001164,0.001373,1,5,0,6
fe80::f8d3:f0ff:febe:3364:53->fe80::4271:f819:8915:590a:50078_TCP,fe80::f8d3:f0ff:febe:3364,fe80::4271:f819:8915:590a,53,50078,1788059873.739171,1788059873.743793,TCP,0.004622,5,501,1081.6753,108383.8614,100.2,193,52.1364,0.001156,0.001607,1,5,0,6
2409:40c4:2024:5958:51ff:38d8:7ac5:9d74:53307->2a04:4e42:fe7::396:443_TCP,2409:40c4:2024:5958:51ff:38d8:7ac5:9d74,2a04:4e42:fe7::396,53307,443,1788059873.744032,1788059874.128510,TCP,0.384479,502,39755,1305.6645,103399.7814,79.1932,1314,65.4145,0.000767,0.002999,1,501,0,6
2a04:4e42:fe7::396:443->2409:40c4:2024:5958:51ff:38d8:7ac5:9d74:53307_TCP,2a04:4e42:fe7::396,2409:40c4:2024:5958:51ff:38d8:7ac5:9d74,443,53307,1788059873.767893,1788059874.128484,TCP,0.36059,1128,1469186,3128.2026,4074389.5678,1302.4699,1314,106.625,0.00032,0.001858,1,1128,0,6
2409:40c4:2024:5958:51ff:38d8:7ac5:9d74:56379->2a04:4e42:fe7::396:443_UDP,2409:40c4:2024:5958:51ff:38d8:7ac5:9d74,2a04:4e42:fe7::396,56379,443,1788059875.918961,1788059881.465256,UDP,5.546295,398,63039,71.7596,11365.9651,158.3894,1292,189.0832,0.013971,0.155554,0,0,0,17
2a04:4e42:fe7::396:443->2409:40c4:2024:5958:51ff:38d8:7ac5:9d74:56379_UDP,2a04:4e42:fe7::396,2409:40c4:2024:5958:51ff:38d8:7ac5:9d74,443,56379,1788059875.957186,1788059881.452057,UDP,5.494871,2720,3584161,495.007,652273.8666,1317.7062,1342,161.3844,0.002021,0.060842,0,0,0,17
fe80::4271:f819:8915:590a:62581->fe80::f8d3:f0ff:febe:3364:53_TCP,fe80::4271:f819:8915:590a,fe80::f8d3:f0ff:febe:3364,62581,53,1788059878.554111,1788059878.597099,TCP,0.042988,6,489,139.5729,11375.188,81.5,105,12.4218,0.008598,0.018804,1,5,0,6
fe80::4271:f819:8915:590a:60442->fe80::f8d3:f0ff:febe:3364:53_TCP,fe80::4271:f819:8915:590a,fe80::f8d3:f0ff:febe:3364,60442,53,1788059878.554278,1788059878.597646,TCP,0.043368,6,489,138.3498,11275.5066,81.5,105,12.4218,0.008674,0.018507,1,5,0,6
fe80::4271:f819:8915:590a:50846->fe80::f8d3:f0ff:febe:3364:53_TCP,fe80::4271:f819:8915:590a,fe80::f8d3:f0ff:febe:3364,50846,53,1788059878.554413,1788059878.827832,TCP,0.273419,6,489,21.9443,1788.4645,81.5,105,12.4218,0.054684,0.099948,1,5,0,6
fe80::f8d3:f0ff:febe:3364:53->fe80::4271:f819:8915:590a:62581_TCP,fe80::f8d3:f0ff:febe:3364,fe80::4271:f819:8915:590a,53,62581,1788059878.554689,1788059878.597479,TCP,0.04279,5,498,116.8486,11638.1209,99.6,190,50.8016,0.010698,0.020345,1,5,0,6
fe80::f8d3:f0ff:febe:3364:53->fe80::4271:f819:8915:590a:60442_TCP,fe80::f8d3:f0ff:febe:3364,fe80::4271:f819:8915:590a,53,60442,1788059878.555651,1788059878.597805,TCP,0.042154,5,517,118.6138,12264.6711,103.4,209,59.2604,0.010538,0.020396,1,5,0,6
fe80::f8d3:f0ff:febe:3364:53->fe80::4271:f819:8915:590a:50846_TCP,fe80::f8d3:f0ff:febe:3364,fe80::4271:f819:8915:590a,53,50846,1788059878.555655,1788059878.827744,TCP,0.272089,6,567,22.0516,2083.8806,94.5,185,44.5948,0.054418,0.099888,1,6,0,6
2409:40c4:2024:5958:51ff:38d8:7ac5:9d74:61387->64:ff9b::6812:dd0:443_UDP,2409:40c4:2024:5958:51ff:38d8:7ac5:9d74,64:ff9b::6812:dd0,61387,443,1788059878.598818,1788059878.925766,UDP,0.326948,11,5105,33.6445,15614.0958,464.0909,1292,538.3115,0.032695,0.048391,0,0,0,17
64:ff9b::6812:dd0:443->2409:40c4:2024:5958:51ff:38d8:7ac5:9d74:61387_UDP,64:ff9b::6812:dd0,2409:40c4:2024:5958:51ff:38d8:7ac5:9d74,443,61387,1788059878.652093,1788059878.899546,UDP,0.247454,11,7494,44.4528,30284.4545,681.2727,1262,542.2524,0.024745,0.046493,0,0,0,17
2409:40c4:2024:5958:51ff:38d8:7ac5:9d74:55326->64:ff9b::6812:dd0:443_UDP,2409:40c4:2024:5958:51ff:38d8:7ac5:9d74,64:ff9b::6812:dd0,55326,443,1788059878.901144,1788059882.788373,UDP,3.887228,14,9181,3.6015,2361.8371,655.7857,1292,574.1484,0.299018,0.892214,0,0,0,17
2409:40c4:2024:5958:51ff:38d8:7ac5:9d74:55602->2a04:4e42:fe7::396:443_UDP,2409:40c4:2024:5958:51ff:38d8:7ac5:9d74,2a04:4e42:fe7::396,55602,443,1788059878.942564,1788059879.564468,UDP,0.621904,3,3876,4.8239,6232.4694,1292.0,1292,0.0,0.310952,0.00066,0,0,0,17
64:ff9b::6812:dd0:443->2409:40c4:2024:5958:51ff:38d8:7ac5:9d74:55326_UDP,64:ff9b::6812:dd0,2409:40c4:2024:5958:51ff:38d8:7ac5:9d74,443,55326,1788059878.947015,1788059882.748044,UDP,3.801028,12,5013,3.157,1318.8537,417.75,1262,515.1713,0.345548,1.000872,0,0,0,17
2409:40c4:2024:5958:51ff:38d8:7ac5:9d74:63672->64:ff9b::a752:398c:443_TCP,2409:40c4:2024:5958:51ff:38d8:7ac5:9d74,64:ff9b::a752:398c,63672,443,1788059881.676360,1788059881.800308,TCP,0.123947,11,3212,88.7475,25914.2721,292.0,1314,388.8298,0.012395,0.019862,1,10,0,6
64:ff9b::a752:398c:443->2409:40c4:2024:5958:51ff:38d8:7ac5:9d74:63672_TCP,64:ff9b::a752:398c,2409:40c4:2024:5958:51ff:38d8:7ac5:9d74,443,63672,1788059881.723706,1788059881.828054,TCP,0.104348,12,6563,114.9996,62895.2017,546.9167,1294,582.8278,0.009486,0.015815,1,12,0,6
2409:40c4:2024:5958:51ff:38d8:7ac5:9d74:59025->2404:6800:4013:813::5f:443_UDP,2409:40c4:2024:5958:51ff:38d8:7ac5:9d74,2404:6800:4013:813::5f,59025,443,1788059883.355348,1788059883.674502,UDP,0.319154,10,5146,31.3328,16123.8763,514.6,1292,556.9684,0.035462,0.068123,0,0,0,17
2404:6800:4013:813::5f:443->2409:40c4:2024:5958:51ff:38d8:7ac5:9d74:59025_UDP,2404:6800:4013:813::5f,2409:40c4:2024:5958:51ff:38d8:7ac5:9d74,443,59025,1788059883.408526,1788059883.719977,UDP,0.311451,14,6376,44.9509,20471.9072,455.4286,1292,511.3916,0.023958,0.058586,0,0,0,17
2409:40c4:2024:5958:51ff:38d8:7ac5:9d74:54629->2a03:2880:f311:120:face:b00c:0:167:443_UDP,2409:40c4:2024:5958:51ff:38d8:7ac5:9d74,2a03:2880:f311:120:face:b00c:0:167,54629,443,1788059883.762922,1788059888.348570,UDP,4.585647,27,14814,5.8879,3230.5144,548.6667,1292,549.1059,0.176371,0.459011,0,0,0,17
2a03:2880:f311:120:face:b00c:0:167:443->2409:40c4:2024:5958:51ff:38d8:7ac5:9d74:54629_UDP,2a03:2880:f311:120:face:b00c:0:167,2409:40c4:2024:5958:51ff:38d8:7ac5:9d74,443,54629,1788059883.829989,1788059888.419553,UDP,4.589564,26,12080,5.665,2632.0584,464.6154,1294,513.7274,0.183583,0.470401,0,0,0,17
2409:40c4:2024:5958:51ff:38d8:7ac5:9d74:57901->2600:140f:d800:2ab::4106:443_TCP,2409:40c4:2024:5958:51ff:38d8:7ac5:9d74,2600:140f:d800:2ab::4106,57901,443,1788059888.129523,1788059888.467553,TCP,0.33803,11,1669,32.5415,4937.4301,151.7273,393,117.3295,0.033803,0.045297,1,10,1,6
2600:140f:d800:2ab::4106:443->2409:40c4:2024:5958:51ff:38d8:7ac5:9d74:57901_TCP,2600:140f:d800:2ab::4106,2409:40c4:2024:5958:51ff:38d8:7ac5:9d74,443,57901,1788059888.163241,1788059888.403558,TCP,0.240317,11,7412,45.7728,30842.5512,673.8182,1314,545.1302,0.024032,0.028117,1,11,0,6
2409:40c4:2024:5958:51ff:38d8:7ac5:9d74:65398->64:ff9b::14a1:cd83:443_TCP,2409:40c4:2024:5958:51ff:38d8:7ac5:9d74,64:ff9b::14a1:cd83,65398,443,1788059893.512217,1788059894.277842,TCP,0.765625,11,3687,14.3673,4815.672,335.1818,1314,409.3348,0.076563,0.12209,1,10,0,6
64:ff9b::14a1:cd83:443->2409:40c4:2024:5958:51ff:38d8:7ac5:9d74:65398_TCP,64:ff9b::14a1:cd83,2409:40c4:2024:5958:51ff:38d8:7ac5:9d74,443,65398,1788059893.769887,1788059894.277794,TCP,0.507907,13,10893,25.5953,21446.8534,837.9231,1294,571.7016,0.042326,0.093168,1,13,0,6
2409:40c4:2024:5958:51ff:38d8:7ac5:9d74:61341->2001:4860:482c:200:::443_UDP,2409:40c4:2024:5958:51ff:38d8:7ac5:9d74,2001:4860:482c:200::,61341,443,1788059893.831980,1788059894.083175,UDP,0.251195,16,11438,63.6955,45534.3542,714.875,1292,597.5752,0.016746,0.036118,0,0,0,17
2001:4860:482c:200:::443->2409:40c4:2024:5958:51ff:38d8:7ac5:9d74:61341_UDP,2001:4860:482c:200::,2409:40c4:2024:5958:51ff:38d8:7ac5:9d74,443,61341,1788059893.885444,1788059894.151857,UDP,0.266413,21,8688,78.825,32611.0245,413.7143,1292,490.8017,0.013321,0.029432,0,0,0,17
